;Nome;Text;0
0;1CONTROL;control a startup born from idea to revolutionize and simplify the world of iot products for the smart home has created a wireless device that allows you to replace easily the remote controls for gates and garage through an app on your smartphone;3D Printing and New Materials
1;200CROWD;two hundred crowd an equity portal crowdfunding authorized by Consob that allows you to easily invest in private companies not listed and the only in Italy to use a syndication model based on co investment by retail investors and a network of qualified investors such as business angels, venture capital and financial holding companies;Future of Mobility
2;2MANYAPPS;manyapps manyapps a web marketing agency focused on influencers and brand the startup is to create and develop campaigns to influencer marketing to create app-specific influencers manage social Shopster https socialshopster with an e commerce dedicated to the influencer world manyapps weather cooperated for campaigns influencer marketing with big brands with mercedes CALV skyscraper etc what we liked more than manyapps the way it is adapted to evolution of social media in this regard, we interviewed Mark parolin cmo and co founder of the startup year of foundation based in milan founder Mark parolin https www linkedin com marco parolin case studies mercedes https www manyapps com influencer campaign just like you new class CALV https www com manyapps product awareness campaign unilevercalve skyscraper https www manyapps com universal awareness campaign movie skyscraper bb web marketing;New Normal after COVID-19
3;4 GIFTERS;gifters gifters a and gifting that allows you to make real-time gifts can choose their own gift from proposals for top brand just enter the e mail address or phone number of the birthday you will receive a gift code can also take advantage of the gift team service platform that joins friends to do together the perfect and dellassistenta gift personal gifters we interviewed george finzi CEO gifters who explained how important that startups should collaborate with the grand player of the year the market foundation based in milan founding george finzi https www linkedin com george b in finzi alessandra brown https www linkedin com alessandra brown to through collaboration with and bay gifters could also create a social bbbbc delivery platform solution;New Normal after COVID-19
4;ABIBY;abiby abiby a startup that select the best products to make up and cosmetics by sending monthly home beauty box all this is done in a very simple and need to select the most suitable plan months months abiby comporr the beauty box specially the beauty box will come and you will be able to test now the rich products of guidance and advice year of foundation based in milan founders luca of the cross https www linkedin com luca the cross b mario Parteli https www linkedin com mario Parteli abiby has just closed a capital increase by millions of abiby magazine https www abiby en magazine https www abiby en delivery fashion magazine beauty we interviewed you for the founder of abiby luca the cross we spoke of the birth of abiby and dellimpatto of digital marketing nellattivit c also unboxing by giulia;Health Tech
5;ADVISOREAT;advisoreat advisoreat the loyalty scheme open to consultants and professionals in the business world through the receipt scanning makes it possible to turn a percentage of the pay bill at a restaurant in spendable credit gift card or charitable donations founders Stefano afflicts https www linkedin com afflicts andrea afflicts https com www linkedin andrea afflicts headquarters milano foundation year bc food advisoreat gaming platform is part dellebook about best startup Foodtech;Future of Mobility
6;AFFITTO GIARDINO;garden house garden house allows you to book green spaces and gardens for birthdays and barbecues to a low cost price of events following the principles of sharing economy b b c ecology sharingeconomy our interview http jo my rent Garden interview http jo my affittogiardino;Future of Mobility
7;ALLELICA;allelic allows you to buy a kit for DNA testing for nutrition prevention and health test results and the results are performed by professionals just need to choose and buy the allelic online test the kit with the DNA for the test pad will come home within days to test reading the instructions carefully and send to the laboratory tests allelic wait for the results within three weeks;Health Tech
8;ALTEREDU;alteredu alteredu a Calabrian startups with high social impact created in a small village in cosenza province was created with the aim of providing skills and certifications to young Calabrian the last places in Europe, such as employment opportunities and make them competitive in the job market alteredu offers numerous courses and learning certificate dedicated to anyone who wants to broaden their skills to enrich their cV or get points for competitions annually hosts dozens of young people in Europe thanks to erasmus tranineeship development and to increase their skills by doing apprenticeships in Calabria and make Calabria a more region European and international foundation year from Newfoundland headquarters sibari cs founders joseph Cofone https www linkedin com Cofone vincenzo giuseppe apa https www juribit it vincenzo apa team Dr. giovanni caruso https en linkedin com giovanni caruso bbc education social ecommerce;New Normal after COVID-19
9;AMBIENSVR;ambiensvr a startup that develops projects or virtual reality models for designers and manufacturers real estate;3D Printing and New Materials
10;AXIEME;axieme axieme a startup insurtech that deals with insurance community of people with similar protection requirements policyholders are gathered in a circle and share information on any claims which occurred inside the expiry of axieme algorithm policy calculates the rebate in giveback money that it is for each insured on the basis of logic few claims so giveback also axieme an insurance platform developed on bees technology that allows mga bancassurance insurance companies and distributors to operate digitally and integrate with third parties in an agile foundation year seat turin founders Matteo rooster https www linkedin com in matthew monaco Edward Gallo https www linkedin com edoardomonaco platform software plug and play solution with flexible tools and an intuitive design bbc insurance platform utility;Health Tech
11;BABYGUEST;babyguest babyguest a web service for booking and rental of various equipment for children dedicated to young families on the go on the site can book what you want and find it to their fully functional arriving under igenizzato ready for use potr return at the start leaving which was delivered to the hotel or apartment that the service covers all europe babyguest not only a reality bc has a sales hire channel dedicated hoteliers with the aim of enabling equip hotel better to accommodate families by providing them with all you need to meet needs of younger guests with babyguest all hotels have the opportunity to become really kid friendly headquarters milano CEO serene errico https www linkedin com bbc platform founderdonna;New Normal after COVID-19
12;BAGBNB;bagbnb bagbnb a platform that lets you find your luggage as close to your destination is also the angel bagbnb are local activities reviewed and approved by the staff who will be happy to welcome customers and store the bags in a safe place all covered luggage from a guarantee flat rate per day per bag test each active year customer service partners of the foundation headquarters roma founders alessandro seina https www linkedin com alessandro seina james bagpipe https www linkedin com james bagpipe ab to this and many other startups are present in our new and book the Italian startup to travel and move around the city bbc travel platform utility;Future of Mobility
13;BETTERY;bettery bettery an Italian innovative startup founded in January that proposes a paradigm shift in energy conservation and distribution for a more sustainable circular economy energy bettery has developed a liquid battery green that combines the energy and security at the lowest cost and minimum time charging the battery can in fact be recharged by replacing the liquid in a time equal to that spent on a full-year gasoline foundation headquarters bologna founders francesca de george https www linkedin com francesca de giorgio francesca sweet alessandro pastor alexander brilloni https www linkedin com alessandro federico brilloni bab poles https www linkedin com federico pole awards europe horizon unicredit lab edison start pulse and many other bb circulareconomy ecology;Decarbonization & Electrification & Smart Energy
14;BIONIT LABS;BIONIT labs BIONIT labs a startup that applies information technology to bionics to turn disability into new possibilities the startups do not just want to return the functions of a missing limb but strengthen it through automation and iot according BIONIT labs the disability should not be discriminating factors but new ways to interact with the environment by generating a strong cultural and social impact year of foundation headquarters lecce founders john digger https www linkedin com john digger matthew Aventaggiato https www linkedin com in matthew Aventaggiato federico gaetani https www linkedin com federico gaetani BIONIT labs in crowdfunding on mamacrowd adams hand to develop an innovative myoelectric prosthesis that allows lattuazione of all five fingers with only one engine technology bc utility health;New Normal after COVID-19
15;BIOVECBLOCK;biovecblock the start-up that develops natural solutions are not toxic and zero environmental impact against the mosquitoes that transmit diseases by decreasing their ability pungent;Future of Mobility
16;BIOVECBLOK;biovecblok a startup that develops natural solutions, non-toxic and zero environmental impact against the mosquitoes that transmit diseases by decreasing their stinging ability the team of researchers with more than years of activity in the study of mosquitoes with experience in prestigious international universities, the solutions adopted would ensure a higher quality of life through sustainable processes with zero environmental impact and cost-effective the startup has recently begun a campaign of equity crowdfunding for an eradication project tiger mosquito in Italy;3D Printing and New Materials
17;BISU;Bisu Bisu and a bed in product cork otq design companys which manages to combine functionality ethic welfare and Bisu design Sardinian dream language the dream metaphor of good sleep is the most constructive moment of sleep the bed contains no metallic elements and the naturalness and antistatic properties of cork protect the rest from action of magnetic flux and electrostatic year of foundation headquarters cagliari founder Matteo congiu https www linkedin com matteocongiu are available in teak oak and walnut finishes bc health housing design;Future of Mobility
18;BOTTLE-UP;bottle up bottle up an online platform on which to create and buy bottles with personalized labels sells both consumer is the Horeca channel and bbc companies drinks ecommerce platform coupons just for our telegram channel off private clients winegeeks rebate customers business winegeekshoreca site http jo my bottle up our video interview http jo jo my bottleup video spotify http bottleup my podcast;Future of Mobility
19;BUSFORFUN;busforfun the mobility bus company to reach the big events booking your seat;Future of Mobility
20;BUSRAPIDO;busrapido with the booking site in Italy for bus hire with driver;Future of Mobility
21;CAREPY;carepy created digital lassistente for medication management for patients and contact pharmacist and doctor;Health Tech
22;CARPLANNER;carplanner carplanner an Italian startup that has created a platform where you can compare choose and hire the long-term car all with an all inclusive service to startup also has a business model based on creating leads of people who plan to buy a car we interviewed the CEO of carplanner marta doe made it clear to us how the startup differs from its competitors, what are the goals for and more year of foundation headquarters roma founders marta doe https www linkedin com martadaina robin doe https www linkedin com robin william doe Carsana https www linkedin com william b Carsana collaborate with alfa romeo bmw citrus n jeep and many other brands bbc utility marketplace;Future of Mobility
23;CELLPLY;cellply cellply it developed the first diagnostic platform for predicting the efficacy of therapy through the analysis ex vivo pharmacological response of cells and tissues of the patient the goal set a new standard in oncology precision headquarters bologna foundation year loans received mln major awards gaetano marzotto founders roberto warriors https www linkedin com roberto b warriors maximum bocchi https www linkedin com massimobocchi antonio lion https www linkedin com antonioleonebiotech bb cellply health platform is part of the ebook best Italian innovative startups in the health field;Health Tech
24;CERCAOFFICINA;cercaofficina a portal to compare quotes for repair or maintenance dellauto based on price and city;Future of Mobility
25;CLEANBNB;cleanbnb cleanbnb a national operator for the management of rental properties short and holiday homes cleanbnb caters to individual owners or real estate companies wishing to rent their apartments for short periods, the startup intercepts the increasing flow of travelers all over the Italian territory to maximize rental income of property owners innovativit of brand positioning management covering processes around the country with their year direct presence of foundation based in milan founders tatiana skachko https www linkedin com tatiana skachko ba Francis Zorgno https www linkedin com francescozorgno July the Italian stock exchange issued the notice related to admission to trading of the ordinary shares and warrants of cleanbnb bbc tourism hospitality holiday travel;Future of Mobility
26;CLICK TO BEACH;click to beach click to beach a platform that enables online booking of beach umbrellas and offers a chance at beaches in relist umbrellas already rented on a seasonal basis but temporarily occupied with a simple click labbonato can make her umbrella available in days that does not use it in case her umbrella is resold receive a voucher to spend inside the bathhouse the bathhouse in turn collects a part of daily rent but most earn more customers for the year bar restaurant foundation headquarters ravenna founders Matteo Savorelli https www linkedin com matteosavorelli Luke Soravia https www linkedin com lucasoravia bbc travel travelandleisure platform;Future of Mobility
27;COCOAPP;cocoapp cocoapp software for handling reservations for the beaches b travelandleisure software saas founderdonna https cocoapp it;Future of Mobility
28;COLLOQUIO24;interview interview a startup that has developed technology for analyzing the behavior of the candidate to a job interview by The Union of psychological metrics and algorithms to interview produces personalized predictive video test and centered on the role to play to help the recruiter especially in the pre phase screening a candidate with an innovative tool and more information you can not find a better person and make the right choice years of foundation headquarters caserta founder carmela box https www linkedin com carmela box bb recruitmenthr artificialintelligence software;Health Tech
29;COMEHOME;comehome a platform that allows its users to organize and participate in any type of home event in their city's best hosts also have the chance to receive prizes and gadgets by the brand who like to organize them the startup events born from the idea of ​​using technology as a useful tool to actually connect people in the offline active life in the city of milan and rome turin;New Normal after COVID-19
30;CUBBIT;cubbit cubbit provides to SMEs performing cloud services encrypted and extremely cheap at the same time and the first cloud provider where to save and share data with no limits using a distributed method through cubbit cells instead of the giant classical datacenter cloud encrypted with safety standards military protects the privacy and the environment bbc technology software ecology our video interview http jo jo my cubbit video podcast http cubbit my podcast site http jo my kickstarter campaign cubbit active until March http jo my cubbit kick;Future of Mobility
31;DAILY INTERNSHIP;Daily internship dailyinternship an Italian startup that uses artificial the intelligence and social networks to connect businesses and young talent in algorithm world on which dailyinternship fact allows students to be able to find the internship is best suited to their knowledge and skills and at the same time helps businesses to seek out the most right people for your team, we interviewed Mark cortinovis CEO of daily internship who told of the development of startups as we did to create it from an instagram page as increased progressively reserved services to companies and much more year of foundation based in milan founders Mark cortinovis https www linkedin com marcocortinovis gianmarco wise https www linkedin com gianmarco wise bb virginia bassano https www linkedin com virginiabassano work with nespresso advisor Kellogg zalando bbc platform recruitment hr;New Normal after COVID-19
32;DAYBREAKHOTELS;daybreakhotels daybreakhotels a portal dedicated to the reservation at a reduced price compared to the night rate and Services in the best hotels throughout Italy for use only by day not only rooms so but meeting pools spa facilities and restaurants are mainly hotels and stars affiliates daybreakhotels after the Italian success the service has also been launched abroad within and among the innovations in our new book the Italian startup to travel and move to year city foundation headquarters roma founders simon bang https www linkedin com simon Flavian bang the greek https www linkedin com flaviodelgreco lorenzo stable https www linkedin com lorenzostabile Michele sword https www linkedin com Michele broadsword with our sgeeksdbh code you can get the discount on bc travel service platform;Future of Mobility
33;DELIVERART;deliverart deliverart a startup that has developed a management platform utlizzabile from the small restaurant owner to manage efficiently and effectively everything about the food delivery and an all-round service that manages and aggregates all for delivery orders digitizes them and organize them better by refocusing the caterer the goal to allow This latter to manage orders better depending on the availability of the displayed real-time data kitchen or the courier and make the delivery of the most accurate possible year of foundation headquarters roma founders Eleanor ox https www linkedin com eleonorabove bryan natavio https www linkedin com ga software bryan natavio food;Ecommerce and Digitalization of shops
34;D-EYE;eye of a medical device that allows you to see the retina with the smartphone app manages the acquisition and archiving of images of the retina and the export to the patient's electronic medical record;Health Tech
35;D-HEARTCARE;d Heartcare d Heartcare an electrocardiograph for smartphones that allows anyone to perform an ECG electrocardiogram hospital grade autonomously and send the results to the cardiology tele service to receive the report from a cardiologist within minutes by sending bc health software technology based genoa founder of heart uninnovazione present in our ebook on the best startups health;Future of Mobility
36;DOCFABER;docfaber docfaber the app that offers online coaching on the topic of diet food education b c app our interview https www startupgeeks it docfaber fabrizio Malipiero interview https www docfaber com;Future of Mobility
37;EASYTAX ASSISTANT;EasyTax assistant EasyTax assistant virtual assistant so simple and intuitive to better manage their TAXATION AND optimizes the tax savings it with EasyTax can learn what and how much tax to pay as the list of deductions and deductions to which we are entitled to acquire and store in a secure cloud all their own costs to check your tax thresholds retrieve their documents at all times and more year of foundation based in milan founder daniele peace https www linkedin com danielepace bc utility app;Health Tech
38;EATSREADY;eatsready eatsready a corporate welfare system for lunchtime fact connects restaurants companies and people to manage the lunch break eatsready emits good digital meal that employees can use to sort in the best clubs of the city through the loyalty program allows you to earn points to employees to use as credit in subsequent purchases we interviewed olivia burgio md and co founder of eatsready who spoke to us of the change of business model of how they created the new beta and validated the product and how they managed to communicate with investors during the period of change year of foundation based in milan founders fabio manola https www linkedin com fabiomanola olivia burgio https www linkedin com olivia burgio bb micaela illy https www linkedin com micaelailly companies can enter our geeks code here https eatsready com en companies to request demo to get a discount bb food marketplace;New Normal after COVID-19
39;EDILMAG;edilmag edilmag the platform for the sharing of machinery and equipment construction materials b platform sharingeconomy our interview https www startupgeeks it edilmag interview https edilmag com;Future of Mobility
40;ELAISIAN;elaisian elaisian a precision farming system that prevents the olive diseases and optimizing cultivation processes such as irrigation and fertilization b b agriculture technology https www elaisian com;Health Tech
41;EMERGE;It emerges emerge a platform that allows buyers from all over the world to find true Italian food directly in Italy emerges makes it possible to get in touch with thousands of producers who have made Litalia benchmark in food concrete business opportunities industry and support services to producers emerges marries the goals of sustainable development developed dallonu in for innovative and sustainable solutions to promote the quality of the year products foundation based in milan founding george bertolini https www linkedin com george bertolini lorenzo of brino https www linkedin com lorenzodibrino tommaso spreafico https www linkedin com tommaso spreafico food platform ga;Future of Mobility
42;ENERBRAIN;enerbrain has patented a dynamic control system of the plants hvac heating cooling and ventilation which allows to improve the comfort of the environment and reduce energy consumption for air-conditioning;Health Tech
43;EPICURA;epicura a digital health platform that provides healthcare services and social welfare where the patient has more need within hours of the preferred application and to schedule the patient in less than two years, the startup has created a national network of physicians physiotherapists osteopaths and home active figures assistants in the main Italian cities;New Normal after COVID-19
44;EQUITICKET;equiticket equiticket wants to combat ticket touting online by one ticket resale policy at a price lower than or equal to the original price of buyer protection equiticket also aims to become a comprehensive tool for the promoters of events because in addition to reselling the platform offers the opportunity to issue new tickets related to an event and add optional features repayment etc bbc entertainment marketplace platform http jo my equiticket;Future of Mobility
45;EVJA;evja the support system for agriculture and irrigation technology based on internet of things and artificial intelligence allows you to monitor real-time crop wherever you are;AI Ethics and Unbiasing
46;FEAT FOOD;feat food feat food a startup that deals with the preparation and delivery of gourmet and healthy dishes created by nutritionists personal trainer and chef for each proposal are available at the ingredients list the full nutrition label possible allergen year of foundation headquarters Lecce founders andrea lippolis https www linkedin com andrea lippolis b Michele Ridolfo https www linkedin com micheleridolfo some services feat plan https www featfood en feat plan fitness centers https www featfood en fitness centers feat food bistro https restaurant featfood it we interviewed for you the founder and CEO feat andrea lippolis food and we have provided for you a special discount code by entering the code featgeeks use it to try out the service of food feat bc food ecommerce;Future of Mobility
47;FESSURA;slot slot created footwear with patented elastic bands around which were created three macro lines of sports shoes and reflex shoe a new concept sole based on reflexology that gives perfect comfort to the foot and the whole column favoring bc correct posture fashion founderdonna sports ecommerce website http jo my slot;Future of Mobility
48;FILO;wire to wire a small device that helps to find the things you do not want to lose you can attach to keys add it in your wallet or purse and through Lapp you will know always where are the made flush objects in italy completely designed and manufactured in Italy app software bc technology founders george sadolfo https www linkedin com giorgiosadolfo andrea kittens https www linkedin com andreagattini lapo Ceccherelli https www linkedin com lapo Ceccherelli headquarters roma;Future of Mobility
49;FINDMYLOST;findmylost the innovative platform with the aim of improving the services offered to clients and support people in getting back their lost items with ease and efficiency;New Normal after COVID-19
50;FINDMYLOST;findmylost findmylost a platform that allows you to regain your lost item wherever you are for the business world findmylost offers to several municipalities airlines airports operators amusement parks etc the opportunity to implement their digital database for the objects found by taking advantage of customer care services offered by findmylost which acts as an aggregator through the consumer side community instead anyone ritrovi an object can come into direct contact with the rightful owner and return it to receive a reward of year foundation headquarters milano founder elena bellacicca https www linkedin com elenabellacicca bbc app utility travel;Future of Mobility
51;FINGERPOOLS;fingerpools fingerpools an international network dedicated to private sports club hotel bb farms etc who owns a pool will have the opportunity to share it with others profitably and startup fun promotes overall well-being and helps to spread a new mentality to travel to experience their territory and use private structures his idea to bring the sea anywhere questesperienza making it accessible to all year founding paola foundation carobbio https www linkedin com paola carobbio beatrice adorned pools for relaxing natural swimming pools vip families bbc travelandleisure utility;3D Printing and New Materials
52;FINTASTICO;fintastico fintastico a platform that allows people and businesses to find out what are the innovative financial services that offer Fintech companies and just not very often these financial services are complementary or totally alternative to the traditional banking channel bc platform Fintech https www fintastico with it here https www startupgeeks it fintastico interview our interview https www startupgeeks it fintastico interview;New Normal after COVID-19
53;FITPRIME;fitprime a marketplace all Italian dedicated to the world of fitness with a partner network of more than sports centers swimming pools and gyms and services related to physical power and wellbeing activities directly in this company throughout the fitprime country allows with one subscription to train anywhere, any time by fitprime opened a new business unit fully dedicated to corporate wellness world;Future of Mobility
54;FLASHBEING;flashbeing in a hectic work environment such as today's interface with many tools can complicate the daily work process management flashbeing a platform that caters to freelancers and teams and offers useful tools to organize your work and keep track of their productivity the dashboard flashbeing fact provides an overview of the task to complete the work of the team and so on flashbeing has a very interesting story lies in its development think that was born from the idea of ​​co founders to create a facebook Italian-based privacy we talked with CEO matthew biasi in our interview year of foundation headquarters bolzano founders Matteo biasi https www linkedin com in matthew biasi alberto giaier https www linkedin com alberto giaier fabrizio endrizzi https www linkedin com fabio endrizzi bbc platform software;Health Tech
55;FLUENTIFY;fluentify fluentify an online solution for English language training helps companies and individual professionals with personalized learning paths intuitive technology and mobile and effective customer support and proven the training offer fluentify includes one to one lessons and group classes English speaking tutor periodic assessment of the level and content created by the education team to adapt to the most diverse learning needs bbc technology platform app;Health Tech
56;FLYFREE AIRWAYS;flyfree airways airways flyfree the startup of sharing of small business and private flights for tourism b c mobility sharingeconomy marketplace https flyfreeairways it;3D Printing and New Materials
57;FOODIESTRIP;foodiestrip foodiestrip unapp that allows you to explore restaurants around the world led by real foodie experience the information is very credible because subjective the experience mediated dalloggettivit questionnaires users will have to reach a true smartphone and its guidance to meet their expectations and to meet year new experiences foundation headquarters colonnella teramo founders fabrizio doremi https www linkedin com fabrizio doremi alessio Poliandri https www linkedin com ba alessio Poliandri the startups will present at the summit https web websummit com srl startupsfoodiestrip featured a host of other startups bc food app;Future of Mobility
58;FORTUNE 🎙;fortunes fortunes a startup that lets you discover the best podcasts and audio content based on our interests by creating a d personalized listening stream for each user, based on artificial intelligence algorithms that learn gradually that the app is used integrates with premium spotify for a customized business model branded content experience to companies in the form of podcasts services for content creators has recently launched goPod me service that allows podcast creators to create a page that serves as a directory for the contents of all podcast platforms eg spotify apple google spreaker founders francesco gabriele rates delmonte year accelerated foundation by luiss enlabs loans received from group lventure source CrunchBase bbc entertainment media site https fm fortunes;AI Ethics and Unbiasing
59;GENOMEUP;genomeup genomeup a startup that provides the analysis of the genome in patients with a rare disease of genetic origin by software that exploits the potential dellintelligenza artificial to the platform also it supports physicians in the search for a diagnosis and an effective treatment for the patient's own home roma foundation year loans received k founders simone gardini https www linkedin com gardini simone andrea coconut https www linkedin com coccoandrea alessandro red https www linkedin com red alessandro ab incubator luiss enlabs https luissenlabs com bb platform health artificialintelligence;Health Tech
60;GHOSTWRITER;ghostwriter ghostwriter created by you are my guides a tool dedicated to those who make digital marketing allows brands to identify the right audience for their social campaigns using artificial the intelligence and thus improve roi the CEO ester liquor was voted in by digitalic among women more influential in the digital advertising in Italy bb artificialintelligence saas founderdonna our interview http jo my xd de http jo my ghostwriter;AI Ethics and Unbiasing
61;GLASS TO POWER;glass to power glass to power a spin off of the university of milano bicocca studies that takes care to implement a technology that allows to capture solar the energy directly from the surfaces of glass of the goal buildings of glass to power to make possible the creation of buildings energetically efficient to produce all the energy they need for their operation carefully allambiente year of foundation based in milan founders sergio Brovelli https www linkedin com sergio Brovelli aba emilio Saxon courses https www linkedin com emilio Saxon courses b francis Meinardi crowdfunding collected in million EUR by new investors bb technology circulareconomy;Decarbonization & Electrification & Smart Energy
62;GLASS UP;glass up glassup the startup that creates augmented reality viewers for industrial use provides remote support field training and recognition images b b augmentedreality manufacturing technology http www com glassup;3D Printing and New Materials
63;GLICKON;glickon glickon an employee experience platform that improves the engagement and performance of people through gamification and acquire strategic information for the design of your organization their approach combines the simplest experience the game with the technology and the most fine science hr to provide predictive insights as input to their decision-making processes at the same time offer their customers the possibility to make recruitment using gamification platform bbc jobs our interview http glickon my jo jo my interview http glickon;Health Tech
64;GOGOBUS;gogobus gogobus service in Italy bus sharing thanks to its bus network shared with gogobus also numerous events and concerts of sea resorts and mountain and amusement parks throughout Italy with comfortable travel round trip in comfort safety day cost of environmental impact headquarters turin milan year of foundation founders alessandro zocca https www linkedin com azocca CEO emanuele gaspari https www linkedin com emanuelegaspari cto travelers have already used the startup gogobus curiosity are on crowdfunding opstar travel mobility bc sharingeconomy;Future of Mobility
65;GOVOLT;govolt govolt sharing one scooter conceived and designed to be fully sustainable eco ecology abc mobility app our interview http govolt my jo jo my interview http govolt;Future of Mobility
66;GRAFFITI FOR SMART;graffiti for smart city graffiti for smart city an innovative startup founded by idea of ​​installing intelligent mosaics on the walls of our city the result will be the creation of Smartwall equipped with technology that will allow citizens to connect to the walls in close proximity through their smartphones leveraging technology g cos they can access a range of services year of foundation founders domenico colucci Giangiuseppe Tate savior pepper vincenzo Dentamaro bc entertainment company design;Future of Mobility
67;GREEN ENERGY SHARING;green energy sharing green energy sharing a startup that will allow anyone to invest in renewable energy-yielding large investor green green energy sharing will use the funds raised to buy one or more of renewable energy production facilities and investor will have the right to participate in proportion to the share purchased in the profits generated by energy production facilities of the founding johnny award https www linkedin com johnny award alfano carlo alessandro Lerro https www linkedin com alessandrolerro green energy currently crowdfunding platform bb ecology;Decarbonization & Electrification & Smart Energy
68;GROWISHPAY;growishpay growishpay provides social payment services and collections online allows people to collect money online for occasions like weddings through listanozzeonline com graduations travel and more recently completed a campaign of crowdfunding by launching scuolapay their new service company payment within the schools bbc Fintech social platform our interview http jo my interview growishpay http jo my growishpay let us know what you think of startups clicking on one of emojis below or forwards the message to those who might be interested in trying growishpay;New Normal after COVID-19
69;HEALTHY VIRTUOSO;healthy virtuous a startup incentive rewards, and rewards people who are serious about maintaining a healthy lifestyle the startup helps prevent chronic and dangerous diseases diseases by analyzing data from Google Fit Android and apps health ios to record their activities and workouts of virtuous baster then use one of the many applications for sports and fitness compatible with google fit app or health, we interviewed the CEO of virtuous healthy andrea severino we spoke of the development of startups and why sometimes must say no to an investor;New Normal after COVID-19
70;HINELSON;hinelson hinelson one Italian online store for extensive accessories nautical d lite with hinelson can rely on experts and find a wide selection of the best components brand for sailing and power boats the marine industry is enhanced by hinelson in every single aspect year of foundation based in Milan marcello founders Labruna https www linkedin com m Labruna angel Labruna https www linkedin com angel Labruna carlo luongo https www linkedin com carlo luongo bc ecommerce platform travel;Future of Mobility
71;HOLEY;holey holey a start up that operates in the design and realization of orthopedic products through the use of scanning and printing d thanks to proprietary and allutilizzo technologies of innovative technologies the company can develop functional chalks and guardians anatomically faithful allarto of the patient ensuring a longer healing process comfortable and aesthetically less intrusive guardian waterproof lightweight and breathable tailored year of foundation headquarters roma founders gabriel scozzarro https www linkedin com gabriel scozzarro b francis Leacche https www linkedin com francescoleacche the startup has received the european seal of excellence award horizon https ec eu europe info funding research and innovation funding opportunities seal excellence en bbc health technology;Future of Mobility
72;HOTBOX;hotbox hotbox a device that ensures the transport of hot foods ac crisp and without moisture for over minutes patented technology hotair steamfree improves lattivit of restaurateurs handed the hotbox mission is to set a new quality standard for a food home food deliveries hot and crispy home as restaurant seat maranello year of founding foundation domenico palladino https www linkedin com domenicopalladino anthony byron prada https www linkedin com anthonybyronprada marco caputo https www linkedin com marcocap claudio joel young men https www linkedin com claudiojoelgiovini and fundraising bb technology food hotbox is part dellinnovazioni this nellebook on startup Italian dellagrifoodtech;Future of Mobility
73;HURBA;hurba hurba an Italian startup that wants to revolutionize mobility with a real electric scooter the hurba scooters are patented and have an agreement with the Presidency of the Council of Ministers has chosen hurba as a solution for the mobility center scooters in rome are equipped with a double removable battery that is recharged at home in just hours we interviewed the CEO of hurba camillo piscitelli with whom we spoke of the development of startup of choice to launch hurba in Rome the search for suppliers in china and much more year of foundation headquarters roma founder camillo piscitelli https www linkedin com camillo piscitelli curiosity https www linkedin com urn activity update feed the engines hurba them appear in some scenes of the new film by Sergio Castellitto a dragon-shaped cloud bbc mobility utility;3D Printing and New Materials
74;INSILICOTRIALS;insilicotrials insilicotrials allows pharmaceutical companies and research centers to save time and money by performing clinical trials using software instead of testing them on animals or on humans b health software technology our video interview http jo my insilico video spotify http jo my insilico podcasts;Future of Mobility
75;INTRIBE;intribe intribe a platform that realizes customer insight projects starting from careful observation of the data to understand contexts and future developments generating analyzes evolved to demands on lifestyle habits and changes in consumer characteristics thanks to activities of gamification games and contests with intelligence technologies artificial intelligence and machine learning, participants are involved in market research so compelling and interactive platform bb founderdonna artificialintelligence https www intribetrend com;AI Ethics and Unbiasing
76;INTRIBE;intribe intribe a platform that realizes customer insight projects starting from careful observation of the data to understand contexts and future developments generating analyzes evolved to demands on lifestyle habits and changes in consumer characteristics thanks to activities of gamification games and contests with intelligence technologies artificial intelligence and machine learning, participants are involved in market surveys in a convincing way and interactive seat milano founders marzia of meo https www linkedin com marziadimeo mirna packages https www linkedin com mirnapacchetti bb platform artificialintelligence founderdonna;AI Ethics and Unbiasing
77;JOTURL;joturl a startup that provides services to optimize marketing activities and get the media more efficient plan due allutilizzo abbreviated links with many functions in addition to analytics c the possibility to include in the link pixel remarketing the opportunity to create deep links to an app and much more, we interviewed cmo of joturl stefano Pisoni with whom we have talked about how the startup managed to get the first product of hunt and to be the first Italian company admitted on appsumo;3D Printing and New Materials
78;JUST KNOCK;just knock knock the startup just for job hunting through linvio ideas of the probationer send your idea and select the idea and the company does not see the CV of the candidate b b c jobs platform founderdonna education https www justknock it;Future of Mobility
79;KAITIAKI 🛡;kaitiaki kaitiaki offers an application with the designed to protect professionals boys and businesses ranging from web violence as cyberbullying hate speech cyberstalking and sexting keeping intact the privacy of b b c users safety artificialintelligence kids our interview http jo my kaitiaki interview http jo my kaitiaki site;Future of Mobility
80;KEESY;keesy keesy a self check-in fully automated and available for short term rental service available even for the recovery and the balance of taxes and cleaning fees as it works for those who have a structure you enter information on the structure plus the reservations for guest turn on the keesy services you invite guests to check online the year of foundation founders patrician donnini https www linkedin com patriziodonnini headquarters in florence bc travelandleisure housing technology;Future of Mobility
81;KINETON;Kineton Kineton offers project management solutions linked to several automotive media telecommunications cyber security sectors and research development headquarters napoli employees the biggest difficulty being able to attract talent to the south Italy we interviewed Angel Ferraro marketing communication manager who told us about the solutions implemented bb technology;Future of Mobility
82;KJUICER;kjuicer kjuicer provides a tool that can create summaries from pdf web pages by us that the user points and a platform on which to share our interview abc education platform https www startupgeeks it kjuicer interview https www kjuicer with it;Health Tech
83;LABORPLAY;laborplay laborplay insert game mechanics within the staff selection processes with innovative products and services that are able to facilitate and improve exchanges between people and companies in particular, the startup coordinates and conducts research intervention sometimes analyze, categorize psychological and organizational interactions between the individual and work activities designs and delivers training courses on soft skills and organizational issues develops and valid cross-psycho-diagnostic tools to various organizational processes foundation year home Sesto fiorentino fi founders elena Gaiffi https www linkedin com elena Gaiffi mario magnani https www linkedin com mario magnani andrea mancini https www linkedin com andmancini ezio Scatolini https www linkedin com ezio Scatolini b manuele Ulivieri https www linkedin com manuele Ulivieri in teo Vignolini linkedin com www https in teo Vignolini BBBC app recruitment hr entertainment;Health Tech
84;LACERBA;Lacerba Lacerba an online school of digital skills that offers educational content necessary to work on the web and allow individuals and businesses to constantly update on the most innovative materials offers today an enormous amount of courses to those programming marketing personal design web branding business we interviewed the CEO of Lacerba michele blasio with whom we spoke of the development of startups and how to build a solid brand of online education Nellambito year of foundation based in milan founders michele blasio daniele ugolini bbc education platform technology;Health Tech
85;LEEVIA;leevia an Italian startup that means your platform allows you to create manage and monitor online contest contests are in line with Italian regulations on prize competitions and with the European law on GDPR privacy also leevia provides services to communications and large marketing agencies brand to collect qualified leads involve the community and create brand awareness on major social networks;New Normal after COVID-19
86;LETYOURBOAT;letyourboat an online marketplace where you can choose from hundreds of boats and enjoy unique experiences on board it can stay moored on a boat in the marina or charter a boat for a traditional charter the startup provides all owners complete and direct assistance including services like check in check-out and edge cleaning by the guest service assistant;Future of Mobility
87;LEXDO.IT;lexdo it lexdo it the startup that provides legal advice and drafting of contracts online quickly and convenient for entrepreneurs and companies but also private b c legal technology platform https www lexdo it;3D Printing and New Materials
88;LEXDOIT;lexdoit lexdoit a platform that offers legal advice in real time and the drafting of contracts online quickly and convenient for businesses and private entrepreneurs a clear and simple service adapted to the user's needs and up to date to protect the user from hazards and costly penalties we interviewed CEO lexdoit john Toffoletto who spoke to us of the change of business model made by lexdoit and tech startup of this legal relationship with lawyers;Future of Mobility
89;LINKILLER;linkiller linkiller the app digital protection that allows you to report an online unwelcome content in order to remove it from the web or de to index by search engines like google the purpose of fact linkiller just to find all the infringing content reputation and eliminate them from the network use linkiller very simple you just download lapp from the store request removal of a photo taken video journal article copyright infringement wait for the procedure for deleting the link given process overseen by lawyers and experts of the web foundation year based bologna founders gabriele Gallassi https www linkedin com gabriele Gallassi Swabian antonini https www linkedin com Swabian antonini abbc technology app security;Security & Cyber Warfare
90;LUDWIG;ludwig ludwig a smart search engine that wants to help users improve their skills in written English goal of Ludwig fact to create a simple and effective infrastructure to transform their ideas into writing unlike traditional search engines algorithm of Ludwig combines adaptive statistical research in semantic techniques in this ludwig so stimulates lapprendimento improvement dellinglese and self-esteem of each user in their year capacity of foundation headquarters catania founders federico Pope https www linkedin com federico Pope b roberta pilgrim https www linkedin com robertap antonio roll https www linkedin com antonio roll bc app artificialintelligence education;Future of Mobility
91;MAAM;maam maam an innovative startup that creates new digital solutions to increase the value of human capital especially for working parents and designing hybrid practices that transform the experience of life in a developing fitness training and reinforcement of soft skills relational organizational skills competencies and ability to headquarters milano year innovation foundation founder CEO riccarda Zezza https www linkedin com Zezza bbc education founderdonna;3D Printing and New Materials
92;MACINGO;macingo macingo com free platform that allows you to organize and buy easily and at low cost transport of any type dallauto motorcycles from furniture to Products of the macingo puts you in touch with the most reliable transport companies with a few clicks bc marketplace mobility https com www macingo;Future of Mobility
93;MADAME MIRANDA;Madame miranda Madame miranda a startup that offers service hair and beauty on demand in particular manicure and pedicure body hair expert facial makeup artists and hair stylists are always available days with maximum punctuality utmost professionalism and hygiene we interviewed for you the founding joy fiorani and lipsticks diamond which they explained the development of Madame miranda challenges overcome and the prospects for the future year of foundation based in milan founders joy fiorani https www linkedin com into joy fiorani diamond bc fashion beauty lipsticks;3D Printing and New Materials
94;MENU'NFC;menunfc men nfc an innovative service that generates less digital Multilingual comprehensive information on allergens any operator can create a simple, immersive experience thanks to NFC and qrcode technologies without the need to install any app to the customer instant translation reads the men in over languages ​​and the integrated payment system it helps to limit the queues at the checkout patented system combines automatically wines and beers to dishes of the restaurant based on what is available in the room and to the seasonality it is comprehensive platform with analytical instruments and in able to profile the habits of customers and suggest new experiences based pavia foundation year loans received k founders david Danise https www linkedin com david Danise riccardo tonon https www linkedin com riccardotonon bb platform food saas men nfc one of the innovations nellebook on startup of agrifoodtech;Health Tech
95;MIND THE GUM;mind the gum a food supplement in the form of chewing gum inside it contains active components concentration memory and to fight mental fatigue also it does not contain gluten and lactose sugar, the main purpose of this startup to give allefficienza importance on nellutilizzo dallefficienza work of time depend on the implementation of projects company growth and development of individuals;3D Printing and New Materials
96;MOOVENDA;moovenda Movenda home delivery food service from the best restaurants works like most platforms food delivery ordering online men and a bike MOOVER or scooter recapiter the food as quickly as possible b c food app ecommerce site https www moovenda com;Ecommerce and Digitalization of shops
97;MUKAKO;mukako mukako and the commerce products for infants can be found known brand but also the production line mukako b c e-commerce marketplace platform founderdonna https www mukako com;Future of Mobility
98;MYCOOKINGBOX;mycookingbox mycookingbox sends you a box containing all the ingredients measured to create regional recipes b c ecommerce food platform founderdonna our interview https www startupgeeks en my cooking pits interview https www mycookingbox it;Future of Mobility
99;MYFOODY;myfoody myfoody unapp that allows people to brands and supermarkets to combat food waste the next products to maturity and imperfect buy cos environmental and social economic value thanks to the proximity supermarkets marketing and network brand can increase the drive to store posing as actors active in the field of sustainability to consumers increasingly attentive year of foundation based in milan founders francesco Giberti https www linkedin com francesco Giberti luca Masseretti https www linkedin com Luke Masseretti collaborate with coop unicoop Tyrrhenian u botanical center app bbc food nature;New Normal after COVID-19
100;MYGRANTS;mygrants mygrants an Italian startup that has created unapp that allows migrants to follow information tracks on the rights and duties of potential citizens and training specifically mygrants offers accompanying legal assistance and support at every procedural step from landing at the resort several specific topics designed to identify their own interests the opportunity to develop a sense of initiative we interviewed the CEO of mygrants christian richmond Financial Intermediary who told us better com born startups and how managed to overcome the difficulties inherent in its founding year sector headquarters bologna founders christian richmond Financial Intermediary https com www linkedin christian richmond Financial Intermediary to aisha coulibaly https www linkedin com aisha coulibaly ga charity recruitment platform;New Normal after COVID-19
101;MYLAB NUTRITION;MyLab nutrition MyLab nutrition service for creating customized sports supplements formulas provides an interactive laboratory assisting in the creation of formulas of integration and e commerce for the purchase of your box of tailored supplements currently in the process of raising capital round company valuations m CEO gianluca perra https www linkedin com gianlucaperra MyLab nutrition group also owns brands t rex supplements http jo my eflk x brand sports supplements high quality amazon top seller myrebranding com http jo my kdo kc service for creating your own brand supplements bb nutriviva http jo my qqg s brand herbal supplements high quality brand meapet supplements for animals coming soon with startupgeeks discount MyLab nutrition one of the innovations of the present nellebook agrifoodtech https www startupgeeks it agrifood tech startups report bc ecommerce health food;Future of Mobility
102;NAMU;namu namu a startup born from the partnership with the call net holding spa with the aim to combine the machine learning mechanisms and artificial intelligence with human experience namu supports companies in various fields CDM consultancy training and committed to the development of technology for sales and follows the whole training process allutilizzo management software and acquisition of a new method had the pleasure to interview the CEO of namu alberto baccari with whom we spoke of the birth of startups as he validated the idea and created the mVP in one weekend how gathered through corporate venture capital thanks to a spritz and more year of foundation based in milan founders alberto baccari https www linkedin com albertobaccari alessandro minetti https www linkedin com alessandro minetti francesco pyro https www linkedin com Francis paa collaborate with arag Italian design group net call groupama etc bb artificia software lintelligence;AI Ethics and Unbiasing
103;NEEDO;Needo Needo an innovative startup that turns container into childhood of schools designed to reconcile work and family life by improving the corporate welfare and citizen modular design customizable anti-seismic and eco-friendly thanks allutilizzo suitably insulated shipping containers, we interviewed the founder who told us how he the idea had won a regional competition and organized the launch bc education company founderdonna;Future of Mobility
104;OFCOURSEME;ofcourseme ofcourseme a bb platform for indexing and organization of online training content from partners platforms aggregates to make immediate research of the training course of interest in this ofcourseme way it simplifies the definition of the training program for each employee service includes a selection of customized content for every company suggestions based on usage control panel data with duso statistics retrospective monthly with the training team we were happy to have hosted in startup premium geeks uninteressante qa session with the founders of ofcourseme thank them for being available to answer all the questions of foundation headquarters founders year milan founders david comfort https www linkedin com davideconforti Francis Carante https www linkedin com Francis Carante bbabb education platform;Health Tech
105;OFFLUNCH;offlunch offlunch a food delivery service in order to have every day a less balanced healthy business lunch break with toe and free delivery offlunch has already delivered more than lunches and signed agreements with major players such as Edenred of the ticket restaurant leading offlunch autumn provides for inclusion of satispay in apps and different methods of loyalty gifts packages etc which provide for various forms of payment year of foundation headquarters roma founders Mauritius pompili https www linkedin com in Mauritius pompili b raoul meroni https www linkedin com raoul meroni ba gianpaolo sacks https www linkedin com gianpaolosacconi offlunch in crowdfunding on crowdfundme and has already collected kbc food delivery app;Ecommerce and Digitalization of shops
106;OFREE;Ofree Ofree a startup that offers possiblit through ladvergame to donate to non-profit organizations playing video games just download only Lapp choose the games that interest you at the end of each game, each user will receive a token with economic value Finally, each user may choose which nonprofit organization allocate tokens we interviewed nicol santin co founder and CEO of Ofree with whom we spoke of the development of startup needs who wants to respond and future goals year of founding foundation nicol santin https www linkedin com nicol cb santin b matthew Albrizio https www linkedin com in matthew Albrizio abbc charity gaming advertising;Immersive and Augmented Enviromnents
107;ORIGAMI;origami origami a startup that sells apparel for kids months using innovative fibers organic cotton and milk fiber b c ecology manufacturing marketplace founderdonna https www origamiorganics with it;3D Printing and New Materials
108;ORIGAMI;origami origami a clothing brand for organic cotton baby and milk fiber milk fiber due to its many beneficial properties takes care of the baby's skin integrating its structural weaknesses in the raw material used for its creation also comes from milk recovery cio milk expired or discarded by food standards very strict production entirely made in Italy by the workshops of the Romagna tosco area and manufacturing processes used are environmentally friendly foundation year seat cesena founders maria maddalena falaschi https www linkedin com maria maddalena falaschi giuditta GELSUMINI https www linkedin com giuditta GELSUMINI sonia of blessed https www linkedin com sonia of blessed bb Saab origami one of many startups present in our community startups premium geeks part of a valuable network in which to compare and take advantage of growth opportunities eg online pitch session and webinars b c ecommerce shopping;Future of Mobility
109;PATCH AI;patch to a virtual assistant that you can use monitored for clinical trials by artificial intelligence and help for patients in their long treatment path promotes their involvement and their retention through easy to use tools also the interface also assists researchers in the collection data and monitoring of patients during their treatment with room procedures in case of year need foundation based in milan founders alessandro monterosso https www linkedin com alessandromonterosso filip ivan https www linkedin com filip Ivancic aa kumara palanivel https www linkedin com Dr. kumara prasad palanivel aba pierluigi badon https www linkedin com pierluigi badon daniel b spelled https www linkedin com daniele spelled patch to the winner of the jury prize web marketing festival bbc health app artificialintelligence;Health Tech
110;PCUP;PCUP PCUP an innovative startup creator of the eponymous glass intelligently silicon that removes the plastic models Disposable an idea greens that transforms the ecology of cost to income because just an investment to forget about expenses related to the purchase and disposal of plastic products Furthermore the flexible PCUP glass and in accordance to all contexts of use discos festival stages ships tourist facilities and the first true alternative to the disposable cup the startup currently crowfunding year of foundation based in milan founders lorenzo Pisoni https www linkedin com lorenzo Pisoni stefano Fraioli https www linkedin com stefanofraioli loans received kbb app ecology drinks;3D Printing and New Materials
111;PEDIUS;pedius unapp that allows deaf people to communicate via smartphone translating simultaneously vocal phrases in written sentences and vice versa with pedius can also call many services first need the active startup also in the business as it helps companies make accessible to people deaf customer support services and enables specific services intended for work inclusion for hearing impaired employees;New Normal after COVID-19
112;PEM CARDS;pem cards an app that can transform every shot made with the smartphone into a real postcard, which is then printed and shipped around the world also offers the possibility to enter the brand of a company and a link to media of his choice the postcard It was then converted into a one to one marketing tool allowing the tourism sector stakeholders and events to be part of this emotional and lasting true communication;Future of Mobility
113;PHARMERCURE;pharmercure pharmercure a home pharmacy allows you to order from a list of over millions of pharmaceuticals getting home delivery of the ordered many people are unable for various reasons to go to the pharmacy and the same pharmacies have difficulty to differentiate between them in digitalizzarsi and offer useful and competitive services to its customers through a pharmercure platform allows the user to choose the product the pharmacy to collect the address for delivery, we interviewed for you the CEO Mauritius campia with whom we spoke of the development of startup and as a team young to be able to convince customers and investors and grow a business so quickly year of founding turin based foundation Mauritius campia https www linkedin com mauriziocampia federico mecca https www linkedin com federico mecca Edward marchetti https www linkedin com Edward marchetti ab manuel balma https www linkedi No com manuel balma ab b c health;Ecommerce and Digitalization of shops
114;PIANTANDO;planting by planting a startup that allows people and businesses to buy plants which connected a charity initiative with each acquired plant corresponds in fact a unique donation and certified by planting values ​​are those of social environmental rehabilitation and protection of biodiversity projects must also comply standards of transparency and project management in order to ensure the correct use of the funding received, we interviewed andrea evangelist CEO of planting who explained how he wants to increase the percentage of people working for the protection of the planet, and more year of foundation based in milan founders andrea evangelist https www linkedin com evangelistaandrea clear riente https www linkedin com chiarariente with startupgeeks code you will get the discount without limits bbc ecology nature utility;New Normal after COVID-19
115;PIGMENTO;pigment pigment produces natural dyes from agricultural and food waste dye that results applicable in various cosmetic textiles green building and food these dyes replace synthetic dyes often toxic and harmful to health and the environment in addition to color without having adverse effects on health pigment also has the function to release beneficial antioxidants to the health of the person the present dyes are green and yellow from onion waste purple from burgundy brown beige from the funds of the cafe home melfi year of foundation founder miriam Mastromartino https www linkedin com miriam Mastromartino bbc ecology founderdonna;Future of Mobility
116;PLAYWOOD;playwood into practice an innovative assembly system can build personalized furnishings with the same simplicity with which he assembles a construction game creating infinite combinations without drilling the material;Health Tech
117;POLEECY;poleecy allows you to take out a temporary insurance policy wherever it is needed and when using the digital channel and thus providing an immediate response to the customer insurance coverage needs;Future of Mobility
118;pOsti;places places a certification service of recipes and raw face materials to the enhancement of Italian food and wine heritage thanks to the use of innovative technologies such as blockchain goal of places to provide customers with authentic recipes of the Italian cuisine accompanied by its own digital certificate quality year of foundation headquarters roma founders Virgil Maretto https www linkedin com virgiliomaretto carlo Fornario https www linkedin com carlo b Fornario places the vincintrice our sullagrifood tech tournament congratulations bb food technology utility;New Normal after COVID-19
119;POTALOVE;potalove potalove a company that offers the first funeral planner in Italy offers a complete package of services necessary for the funeral can customize the day honors extremes in every detail, creating an atmosphere collection but at the same time allows to honor the dead remembering and sharing moments of joy spent with him potalove takes care of coordinating the entire direction of the funeral flowers which will include food and music milan headquarters founder;Future of Mobility
120;PREDIXIT;predixit predixit has created software solutions for custom retention of sales optimization and commerce sites based artificial sullintelligenza b artificialintelligence advertising ecommerce website www predix it;Future of Mobility
121;PRENOTA UN CAMPO;book a golf book field a startup that allows to reserve fields for different sports and affordable fact there are discounts up to compared to the cost of the field how looking for a free field choose the best The offer then book you choose whether to pay online or on-site download lapp order book even faster more we talked about the development of start-book field and of the importance of focus with the CEO and founder nicola biffi year of foundation founders nicola biffi https www linkedin com nicolabiffi red mark https www linkedin com Marcorossi alessandro tortorici https www linkedin com alessandro tortorici aa gianpaolo nino https www linkedin com gianpaolodinino headquarters milano partners redbull https www linkedin com urn activity update feed them babolat https www linkedin com urn activity update feed them bbc sports app;New Normal after COVID-19
122;PRIZEME;prizeme a mobile app that rewards transactions made at participating store only allows you to earn rewards just enter the store snap and share on social channels the pictures in the stores participating in the prizes circuit consist of coupons as good amazon zalando the feltrinelli etc;New Normal after COVID-19
123;QUOMI;quomi quomi the service you deliver at home every week a food box full of fresh ingredients to prepare simple and tasty home milan year of founding foundation recipes daniel ugly https www linkedin com danielebruttini andrea brown https www linkedin com andreabrunomanfredi quomi looking for funds launched a new collection via the convertible instrument the aim of the collection is already covered for more than to participate click here https it quomi investors;Future of Mobility
124;QUVI;quvi quvi created The innovative holographic projector for images and video b technology education construction founderdonna our interview https www startupgeeks it quvi interview https www qu it will;Future of Mobility
125;REACT4LIFE;react life react life offers and uses innovative services and bioreactors to perform advanced in vitro assays in a wide range of applications such as cosmetic pharmaceutical and startup clinical treatments using an innovative technology mtb multi tissue bioreactor able to develop in vitro bb human tissue portions chemicals health founderdonna http jo my life react site;Future of Mobility
126;REDOOC;redooc redooc an innovative digital teaching platform offers content compatible with lim pc tablets and smartphones so can also be used by the schools b b c education platform technology founderdonna https redooc com;Future of Mobility
127;RIVER CLEANING;river cleaning river cleaning a startup that has created a cleaning system of rivers using a lightweight construction and autolimentata which collects and intercepts the waste to prevent them from continuing their run towards the ocean while smaller mills are in the water are designed to be anchored to the bottom and stay afloat this in such a way as to be always clearly visible for the boats at sea foundation year seat bassano del grappa VI founders andrea Citton alex Citton kriss Gheno giorgio Mattiello bb natures technology ecology;New Normal after COVID-19
128;SAFETY HELMETS;safety helmets patent safeway a project born from the desire to eliminate the problems related to the visibility of motorcycles and make more secure circulation safeway a device for light signals designed to be arranged directly on the helmet b b c safety technology software http www safeway helmets com;Future of Mobility
129;SECONTIME;secontime secontime the marketplace of the vintage with the aim of seeking maximum environmental and economic sustainability and social responsibility b c fashion marketplace our interview http secontime my jo jo my interview http secontime;New Normal after COVID-19
130;SENTIERI ACCESSIBILI;trails accessible trails accessible a startup to make simpler tourism for people with disabilities by breaking down physical barriers b c app mobility safetymobility https www sentieriaccessibili en index html;New Normal after COVID-19
131;SFRIDOO;sfridoo sfridoo a startup that helps companies to take the first step towards a circular economy model offers process consulting services to enhance the sulleconomia training scrap circular search for recipients and producers of environmental certifications by-products and green marketing strategy process we interviewed Mark battle the CEO and co founder of sfridoo we talked about how we developed the idea of ​​the Italian market situation compared alleconomia move and much more year of foundation headquarters bologna founders marco battle https www linkedin com marco battle bologna andrea cavagna https www linkedin com andrea cavagna ba mario lazzaroni https www linkedin com lazzaroni partner products ecomate innovation lab denva etc bb circulareconomy ecology;3D Printing and New Materials
132;SHAREWOOD;Sharewood Sharewood innovative startups to hire sports equipment and book activities outdoors in a few clicks bike ski snowboard boots surf kite sup bike tour excursions courses headquarters milano year of foundation founders piercarlo meek https www linkedin com piercarlomansueto Giulia trombin https www linkedin com giuliatrombin sports platform marketplace founderdonna bbc piercarlo in this video podcast interview https www startupgeeks it Sharewood piercarlo meek interview he told us the difficulty of having a business bce their bb opening what you think we need your feedback;Future of Mobility
133;SKOUTY;skouty skouty a web platform to organize outdoor activities accompanied by a professional the goal to allow anyone to find the ideal sport to live a fantastic experience by booking and paying directly online skouty offers a dellattivit promotion of professionals more coordinated and effective one portal where fans and newcomers to outdoor sports can buy years experience of foundation headquarters sucker bi founder ludovico bizzocchi https www linkedin com ludovicobizzocchi skouty was in our 'travel startup tournament on instagram and finished second this and many other startups are present in our startups ebook Italian to travel and move around the city bc travel nature;Future of Mobility
134;SLEEPACTA;sleepacta sleepacta a startup that thanks to a new algorithm based on artificial neural networks provides a service of sleep analysis and automatic reporting through activity tracker wearable study uses data collected hours of the bracelets already used by fitness enthusiasts service you sleep offered at participating pharmacies where the pharmacist should only match the patient's bracelet to a computer after a week potr sync it to send data to sleepacta server and get so monitoring results within seconds the year of foundation based in milan founders ugo Faraguna https www linkedin com ugo Faraguna b umberto olcese tommaso banfi https www linkedin com tommaso banfi nicol Valigi https www linkedin com nicolovaligi dino Faraguna bbc health technology;Health Tech
135;SMANAPP;smanapp smanapp unapp for road safety that puts pedestrians communication and cliclisti with motorists in order to make the safest way for all the people who attend it as through a push notification the app signals to motorists presence in the vicinity of a pedestrian Lapp allows send sos geolocated in case of emergency to open a training session with the function sport choosing from categories to store your important dates from all auto insurance stamp we interviewed for you the founder stefano Tarceva we spoke of smanapp services objectives and numbers of startups and dellimpatto digital marketing nellattivit year of foundation headquarters lawn founder stefano Tarceva https www linkedin com stefano b Tarceva partner services https www com smanapp it becomes partners with https www smanapp it becomes b bc app safety partners;Future of Mobility
136;SOLDO;penny penny a platform for expense management designed for companies makes it possible to control how much is spent by whom and where gives employees the opportunity to spend corporate funds independently with prepaid cards penny mastercard goal the creation of a multi-user solution expense management designed specifically to help businesses of all sizes from freelance with VAT up to large structures to manage business expenses so smart year by a few trunks customers bata rai toyota bb Fintech utility foundation acquired customers;Health Tech
137;SOSPEDIATRA;in Italy there is no recourse to health care pediatric very important tant that the millions of the emergency room the majority were white and green codes that they had no need to resort to this health facility idea of ​​sospediatra unapp which has the goal of creating a pediatric network throughout the national territory in a position to lend their professional activities directly to users' homes when there a state of Lapp necessity want to make the matching between supply and demand by combining the availability and experience of the physician to the parent's need we told the ceo alessandro down in our interview;New Normal after COVID-19
138;SPEAROAD;spearoad a startup in seed stage that produces pedals smart to increase in road safety pedals complement of illuminated arrows that work thanks allenergia obtained by pedaling and which may be controlled by a small command installed on the handlebar as well as having greater visibility for road these pedals connect to the smartphone and monitor physical lattivit awareness of spearoad founders not be able to do everything yourself and why we have relied on bizplace to search for funds or business partnerships lhanno found in schiano group with which closed a jv that consentir to start production and launching on the market;Future of Mobility
139;SPLITTY PAY;Splitty pay Splitty pay a shared payment platform that allows you to split an online transaction on several of the mission of Splitty pay credit debit cards on the one hand increase the sales of merchant and on the other to improve the user experience of buying solving some problems present at the time of payment of an online shopping cart by an amount relevant to ceiling limits of aversion cards by the customer in anticipating money to others etc bbc Fintech app founders software alberto porzio https www linkedin com alberto porzio matteo destantini https www linkedin com in matthew anthony destantini ba capital raised k CrunchBase;Future of Mobility
140;STAMP;stamp stamp the startup that was created to save the delliva in-store when purchasing benefits all digital retailers and customers manage the whole process on the platform skips nothing more code line to the reimbursement agencies benches comprehensive tax system returns to customers across liva curiosity zhenfund a leading venture capital of China funds has just invested for the first time in a startup in Europe precisely stamp the tax free shopping exempts international visitors from the payment of VAT on goods they buy and a tow of tourism and commerce worth billion globally over the year of the expenditure is concentrated in Europe with Italy in the top of the destinations we interviewed cofounder stefano Fontolan who told us his path and gave many useful ideas bb legal fashion;Ecommerce and Digitalization of shops
141;SWEETGUEST;sweetguest sweetguest a startup that offers an in-degree management services of real estate for short term rentals proposed services leave from the free assessment to advice from interior design to the photo shoot professional to the welcome kit predisposition to counseling purchase properties at check in maintenance and repairs to maximizing the visibility is more than the properties of airbnb managed by sweetguest bc sharingeconomy housing founders Edward Grattirola https www linkedin com Edward Grattirola be rocco Lomazzi https www linkedin com rocco Lomazzi has just completed a third financing round worth millions € what do you think;Future of Mobility
142;TALDÉG;TALD g TALD g a service that creates value for local artists and travelers host provides for the possibility to include in their living exhibition space for the talents of the city works of art interactive told by custom maps artists with locals tips around the service is made easily available through unapp the mission of startups to foster a tourist offer that links travelers looking for an authentic experience with the talents of the city they visit, starting from the houses chosen for the stay year of foundation headquarters bologna founding warbler line francesca plume with our geekstaldeg code can immediately take advantage of the discount on bbc app design service;Space Exploration and Exploitation
143;TECHMASS;techmass techmass an Italian startup that implements the principles of lean production through a iot tool based on cloud and a digital platform based on machine learning the usage of these tools makes it easy for line operators in monitoring and improvement in the efficiency of production lines, the solution allows therefore to increase productivity and reduce costs we interviewed for you andrea Massenz CEO techmass who told us of the opening of the startups in germany his movements through Italy and as a small startup can sell their products worldwide foundation year seat marostica vicenza founders andrea Massenz https www linkedin com andreamassenz works with coty kao Nestl came bb artificalintelligence manufacturing technology;Evolution of AI
144;TRISCOVERY;triscovery triscovery a platform that allows you to discover and book in advance the best excursions and events Boat proposals and craft experiences are suitable for any triscovery need it adopts a very strict policy based on customer satisfaction and environmental protection by selecting only the best professionals of the nautical sector through the marketplace operators make known their experiences and allow booking in real time and in complete safety with cover in the event of adverse sea conditions year of foundation headquarters drills with startupgeeks summer code you will receive discount on any excursion lots of startup of the travel industry and mobility we are also present in our ebook the Italian startup to travel and move around the city bbc travel platform;Future of Mobility
145;TUNEAPP;tuneapp tuneapp the app that turns your smartphone into a smart radio with interactive features and on-demand entertainment b c app https www colanmusic com;Future of Mobility
146;TUTORED;tutored tutored an exclusive social platform for college students and young graduates within the community users to better manage their academic and professional career b b c app social education founderdonna https www tutored me it;New Normal after COVID-19
147;URBISMAP;urbismap urbismap free geo-portal that enables architects, engineers, urban planners estate agents and anyone working in the field delledilizia to get through a few clicks on the map all the cadastral zoning and regulatory information of the geographic point of their interest after possible consultation download and print the target report urban planning which can be changed without to have legal force to the cDU usually issued by the municipal technical offices one then tool that speeds up data retrieval steps that every technician finds himself currently face daily the start-up has the goal of mapping the entire national territory today active in Sardinia rome turin milan napoli venice florence and palermo year of foundation headquarters cagliari founders henry craboledda website www urbismap com;Future of Mobility
148;USERBOT;userbot userbot a start Italian up that combines human intelligence on the one hand and artificial by the other to implement big data through the application of the customer service industry allows rapid and automated responses bot always found the bot learns autonomously year of foundation based in Milan IT services sector and founders jacopo paoletti antonio Giarrusso bb artificalintelligence platform;AI Ethics and Unbiasing
149;UTEGO;utego utego an app in Italian and independent financial aggregation through which each user has possiblit to aggregate current accounts explore the products available on the market learn more through financial leducational users will therefore have the opportunity to increase their bargaining power and find the conditions best to meet their needs fund at the same time financial institutions will come into direct contact with users listening to their needs and offering them services and more convenient products year of foundation based in milan founder stefano musso https www linkedin com stefano musso the startup in crowdfunding of crowd and has already collected kbc app marketplace;3D Printing and New Materials
150;VALORY;Valory Valory born from the idea of ​​wanting positivization the usage of the mobile device to give voice to the passions of young people support them with personal confrontation through live chat with professional as well as companies entities institutions schools to put them in touch with the world of work and training in the mode smart bc app education platform founderdonna https valoryapp com;Health Tech
151;VIKEY;Vikey an innovative device that allows hosts to remotely manage all aspects of check in their guests makes it possible to open the front door of the apartments and dalbergo rooms remotely enable the guest to open up autonomously by mobile phone remotely manage linvio of documents payments such as tax and the signature of a possible contract terms and conditions of the integrated service with some of the major booking engines and property management software as a booking com com guesty octorate beds and recently also with airbnb;Future of Mobility
152;VILLAGECARE;villagecare villagecare a portal of guidance and support to the children who take care of their elderly parents on family platform can find advice and practical information tailored solutions related to aging or specific conditions intended to villagecare just to help those who help starting from the site Internet can turn immediately to the door first free orientation and get to create an entire custom consulting path sewn on their villagecare needs relies on a network of experienced partners and specialists make it possible to respond to families with clarity and practicality year of foundation based in milan founder paola casalino https www linkedin com jennifer paola b casalino of lucia warbler Turzio https www linkedin com silviaturzio bc health utility;Health Tech
153;WALLABIES;wallabies wallabies a start up innovative consulting in the sports of soccer field by using wallabies can search for athletes in the world to create a ranking analyze the performance of the athletes according to several indicators and also provide an economic evaluation of the athlete through the use of machine learnig wallabies also allows to compare the players for their aptitude characteristics derived from sports technical performance based milano founders Louis Libroia https www linkedin com louis Libroia b marco Englaro https www linkedin com marcoenglaro bc artificialintelligence sports;Health Tech
154;WANDEROO;wanderoo wanderoo an online platform that allows people to get to the floor of their holiday from a travel expert blogger of the destination you want to visit the plan is delivered within days at a fixed price of discount code geeks discount valid until bc platform travelandleisure the our interview https www startupgeeks it wanderoo organize trips travel blogger https www wanderoo it;New Normal after COVID-19
155;WANDEROO;wanderoo wanderoo an online platform useful to receive the plan of their vacation tailored by a travel expert bloggers to the destination you want to visit the user will receive tips about the best accommodation and flights to book all the more fascinating places of interest to visit once on-site and much more, we interviewed the co founder of wanderoo andrea of ​​the innocent and faithful de marinis with whom we discussed their strategy and community instagram headquarters florence founders andrea innocents https www linkedin com andrea the innocent faithful de marinis https www linkedin com faithfully de marinis in with our discount code geeks you will get an exploitable discount on the first purchase by bc travelandleisure platform;Health Tech
156;WELCOMEKADÒ;welcomekad welcomekad an e commerce dedicated to the hosts and the property manager the startup created to offer practical and customizable solutions that improve the experience of its guests and make it more simple and efficient check in during these years in fact are becoming increasingly important lospitalit and attention to detail when it comes to visitors and just as important the desire to give a warm welcome and memorable welcome packs are pretty useful and meet the needs of the guests making the stay at home an even more enjoyable experience home syracuse year of founding foundation luciano john https com www linkedin in lucianogianni gianni giulio https www linkedin com gianni giulio b mario wafer funding received k source Crunchbase bb travel ecommerce;3D Printing and New Materials
157;WINELIVERY;winelivery winelivery a startup that delivery alcohol within minutes dallordine and at the right temperature the winelivery mission to combine speed and convenience of on-demand delivery to quality products on their e commerce it offers a wide selection of labels at competitive prices, we interviewed the CEO and co founder of winelivery Francis skinny that he told us about the birth and growth of winelivery of his experience with crowdfunding and how it operates and maintains informed the more than members of the startup year of foundation based in milan founders Francis slender https www linkedin com francis skinny b andrea antinori https www linkedin com john roberto andrea antinori https www linkedin com john roberto aabbc drinks ecommerce platform;Space Exploration and Exploitation
158;WORLDZ;worldz worldz an innovative startup that deals with developing a product for ecommerce that manages to turn its users into brand ambassadors through facebook worldz is based on an algorithm that takes into account different variables for this calculation as the user actively uses its Facebook profile how much c interaction with friends connected aims to worldz to earn each user discounts for products and services in exchange for advertising the brand trusted, we interviewed the CEO of worldz joshua prior who raccontanto us that the startup is developed deepening themes mvp and validation year of foundation based in milan founder joshua prior https www linkedin com joshua over the prior trading partners bbc social ecommerce platform;New Normal after COVID-19
159;WORTH WEARING;worth wearing worth wearing an online platform that produces and distributes on demand t shirts and other gadgets in order to make accessible and sustainable immediate simple fundraising and merchandising especially for third sector organizations, therefore, deals with stand many realities such as non-profit groups cultural associations also for production using organic cotton fair trade and a reduction in emissions by the year of foundation headquarters roma founder savior barbera https www linkedin com giona t shirts for action aid https worthwearing org store ActionAid bevilacqua ActionAid Amnesty international https worthwearing org store amnesty international fighting bad guys black doctors without borders https worthwearing org store Italian doctors without borders Makkox human to human bbc platform fashion charity;Health Tech
160;YAKKYOFY;yakkyofy yakkyofy a startup that allows users to sell dropshipping in a few clicks the startup offers different services makes it possible to import the products with a click to create a line of products for private label implement a dashboard multi store create automatic rules for updating prices and so much more we interviewed the CEO of yakkyofi john comfort that told us about how you developed the startup and how can launch an ecommerce website in a few hours year of foundation headquarters casamassima founders john comfort https www linkedin com giovanniconforti carol hsiao sites https www linkedin com carol hsiao aA to import products aliexpress alibaba wish gearbest bang bbc good ecommerce platform;3D Printing and New Materials
161;YOUNG PLATFORM;young platform a platform for the exchange of criptovalute whose mission is to make the world of crypto accessible to all through the accelerometer on Lapp smartphone young platform stepdrop counts the steps taken during the day and convert them into young the cryptovaluta platform for young can then be used on exchanges that will be launched soon, we interviewed the CEO of young platform andrea ferrero with whom we talked about the growth of platform nellultimo year from scratch and how young platform able to obtain an evaluation mln;Space Exploration and Exploitation
162;CHECKOUT TECHNOLOGIES;checkout tecnologies an Italian startup that through artificial intelligence technology enables customers to a supermarket to shop avoiding long checkout lines each consumer prior creation of a personal account is recognized just entered the supermarket and followed along its route inside the store real-time checkout registers the spending carried out by the consumer so that once completed can simply go at the output without further delay;AI Ethics and Unbiasing
163;JOBDRIN;jobdrin a startup community startup premium geeks has created a portal through artificial intelligence tools optimizes and facilitates the selection of personal online and offline, the startup offers a platform that facilitates contact between the main actors of hr world through his tool can search for the best profiles and send pre-selection tests require video interviews and manage online and offline applications to request bids for the company selection;AI Ethics and Unbiasing
