ID;Titolo;Tags
c812e0a3418d624ae60df3ec9e19d184;pandemic drone spot infected;Tech: Drones
0e2ef6bd7619374e0531d1551ab2141e;census data anonymous expected;Company: Adobe, Vertical: Advertising
c1f9fe92d1147d451a00d7a077adaf8a;point raises expand ai powered telehealth service;Company: Apple, Tech: Artificial Intelligence, Tech: iOS
655dde2aeba917a7ca29388dbc3d77cb;colorado neighborhood runs self reliant clean energy grid;Vertical: Energy, Tech: Batteries
2fda66d2d8af48751a8455f6beb05abb;flood coronavirus apps tracking keep track;Tech: Mobile app, Vertical: Medicine, Application: contact tracing
43aeb12810157f718d9c2e0ef99ce643;tesla already started making cars california factory;Location: Alameda
32c011f9dac196e64a2fb3e3b177cfdf;bosch lidar tech turn corner autonomous driving;Company: Bosch, Tech: Cameras
606264afdf61b2a31980d3d2ec6da758;activ surgical announces activedge platform real surgical intelligence;Tech: Artificial Intelligence
1aa8f9be0e66b7a0f5167884c5f608c0;adapting customer experience coronavirus;Application: Customer Experience
02e960a1e7d6d7fd4b4bae904343bdf1;maker failed ibackpack agrees never crowdfunding;Vertical: Advertising, Tech: Batteries
ed260df7d47dd6a39038d828fbd8c66b;ai create intelligent tutoring much quicker humans;Tech: Artificial Intelligence
6332cb30ecdd144d8cd76ac5a3d6d475;ai weekly cdpa bill shows progress coronavirus tracking data privacy still ways go;Application: Advanced Analytics
8959e9eb58488e231ef020ddc6845275;ais white guy problem isnt going away;Tech: Artificial Intelligence
e8aa5326c8905804e2165bfbf7364623;alexa needs robot body escape confines todays ai;Application: Personal Assistant, Company: Amazon, Tech: Artificial Intelligence
3be6c20231e852359ddaba05015754a3;alphabet sidewalk labs cancels toronto smart city project unprecedented economic uncertainty;Company: Alphabet
1c8e102e67aa37b289fbecf35cad48f8;amazing image jupiter looks burning;Company: BBC
8bb5ca6481db0f0067117619ae7ec7d2;ancient animistic beliefs live intimacy tech;Application: Personal Assistant, Company: Amazon, Tech: Artificial Intelligence
8e7ca0353c9e7369272ae6036883fc1d;annapurna interactive hires indie game veteran nathan vella top executive;Company: Annapurna, Vertical: M&A
e711bdb101852c511830157c56355c03;app developers post covid bleak future rife opportunity;Tech: Mobile app, Vertical: Advertising
7e7f1f7f699753476001013b44532067;apples voysis acquisition boost siris iq respected ai test;Application: Natural Language Processing, Company: Apple, Application: Personal Assistant, Tech: Artificial Intelligence
784109fdb71bee3cebc07d45b0a9b374;artificial intelligence cannot legal inventor yet;Tech: Artificial Intelligence
dea23c5e07b971d0342736513b4ec155;battery research quality control solutions;Application: Renewables, Vertical: Energy, Tech: Batteries
45fdccfdea7de3ee2a6fae2e82ba7dc2;bci acquire stake water dispenser manufacturer waterlogic;Tech: Antimicrobial Technology, Tech: Brain Computer Interfaces, Vertical: Biology
e9992eaf6343b79f161b02d360e4cad6;blockchain platform lets consumers customise sustainable energy usage;Application: Renewables, Tech: Blockchain, Vertical: Energy
4213fba75d8a2c9bca90e7cbd50c0c46;boston dynamics buys better brain robots;Company: Boston Dynamics, Location: Boston
8e38f2300aef355a0986115cd6b341dc;boston dynamics spot features improved autonomy mobility;Company: Boston Dynamics, Location: Boston
da0aa2fe9a26760012d1be8bcd4874f3;conservatives liberals want green energy future different reasons;Application: Renewables, Vertical: Energy
f5a877d09b6f51292a64e801cb5ab5ab;bracelet helps enforce social distancing returning workplace;Location: Antwerp
2736af96d47512cbfd1c9fccb8aa0619;coastal cities turn tide rising flood risk;Location: Bristol
f705311bd281ee8619ae92832085da8b;china installing surveillance cameras inside people homes;Location: China, Tech: Cameras
a93538ac27bf5445942d47f9d819b7cf;china lands moon bound spaceship day orbital joyride;Company: Al Jazeera, Location: China
d0790437f4349f9261731beb1704b9c0;chinese hackers others exploiting coronavirus fears cyber espionage;Location: China, Application: Cybersecurity
c69084db8df0146254c244ef337b2dbf;chrome arrives web nfc origin trial ar features mixed images autoupgraded https;Tech: API
6e834c81ec4226ab4b33a5bc7ac5b56d;cloud self checkout platform compatible store setup;Tech: Mobile app
f1abc78988be0835c167addbaf67ee9f;congress wants protect biased algorithms deepfakes bad ai;Application: Deep Fakes, Tech: Artificial Intelligence
6e4a8fc4bb4c34122c92f214b50a3054;coronavirus five strategies industrial automotive;Vertical: Automotive, Location: China
2baf8b1e59140ee7441cf6f4034c244a;covariant raises series b funding ai robotics unassisted autonomous manipulation;Tech: Artificial Intelligence
d2e9a1e6949eb266a53d95faf298528b;covid implications business;Location: China
2e5c3a29fd1dab5e185ee9d578980a99;customer care organizations moving crisis management recovery;Application: Control Room, Application: Contact Center, Application: Customer Care
8664522bb730684178110bdd4a9272d0;customer care organizations moving crisis management recovery;Application: Customer Care
e617fa8c4e035baeaad216fa36221170;cybersecurity overlooked covid response ieee expert;Tech: Drones, Application: Autonomous Vehicles, Application: Cybersecurity
8300644a28b74699424a2e61a815a876;cybersecurity tactics coronavirus pandemic;Application: Cybersecurity
eb4d3dcabcab4c8f4654378b35a9652c;deep learning found exoplanets human astronomers missed;Tech: Deep Learning
5c22614d0e97048631599a3c9b7d16cf;deepmind compares children ai explore;Company: Deepmind, Tech: Artificial Intelligence
48f2293dda3f8713a3184c20b08fe815;deepminds ai models transition glass liquid solid;Company: Deepmind, Tech: Artificial Intelligence
1ef51d823502c2bb68b3df93f8832e6b;delivery apps offer restaurants lifeline cost;Tech: Mobile app, Vertical: Food
6eb6eb81338c1dc3c3f664139de80820;give personal freedoms beat coronavirus;Location: China
d0dd28f43d5adaee497e23713536d9a8;doctors cloning covid patients antibodies treatment;Vertical: Medicine
10bb1154d622ce8989f1f259645f0d8e;elon musk working tesla assembly line today;Location: California, People: Elon Musk
1d3f7c35a27cf3696f215659c2e8b344;aeroplane seats designed protect coronavirus;Vertical: Aviation
78e372665a7294a865c028ed7210329e;enel kick starts construction renewables plants spain;Application: Renewables, Vertical: Energy
0041230019f3679d60b2900af083d41d;eso instrument finds closest black hole earth;Location: Europe
a45a49230bdb2742990e8430c0fdf11e;debit card helps carers shop others;Vertical: Finance, Vertical: Banking
48dab6a7fbadb10fad254ff62bdb261e;exer launches ai fitness coach mobile phone;Vertical: Fitness, Tech: Mobile app, Tech: Artificial Intelligence, Tech: Cameras
8c883230725f8255e6c562e45c8793c8;existing drugs work covid ai screening thousands find;Vertical: Pharmacy, Tech: Artificial Intelligence
4a6e4596b70e7f1e8b0db3e8322ffcf4;planting crops grid pattern improves yields aides environment;Vertical: Agricolture
dafb6e2415e4604d62f557e65237855d;facebook autoscale decides ai inference runs phone cloud;Tech: Artificial Intelligence, Vertical: Energy
a10cff72c4f5aea0c5fb5a3ece1aba36;facebooks ad serving algorithm discriminates gender race;Vertical: Advertising
3e860ce834a2ba048af253f6eb4f011f;fda permits aidoc ai detect incidental findings associated covid;Tech: Artificial Intelligence
d7d3443162a138f3837153e75b0e3f8b;game changing blood test accurately detects alzheimer disease;Vertical: Advertising
b7e0f9a8f2b6873c254deeb8873649e0;google employees lining trash googles ai ethics council;Tech: Artificial Intelligence
32f1d40e7a13b554575305ab8d873394;happy employees customer experience secret weapon;Application: Customer Experience
ffd6efbb494a08c5b8f60df8514ca4d9;gatik turns right middle mile approach autonomy;Application: Autonomous Vehicles
6b7e683e830b011a47ce81f484213028;barbie polaroid camera helping shelter place;Tech: Cameras
8dde78b84adaf84c8b1960750c8f33b8;ai translated brain activity speech percent accuracy;Tags
ce448f35eee40d276cf788efbe021569;artificial intelligence changing society;Tech: Artificial Intelligence
ee712e2c4f8bcfd077b00f13cd6d5651;artificial intelligence helping farmers babies developing;Tech: Artificial Intelligence
1152cf1c19aaa10414d048887874aae9;electronic arts shifts playbook digital esports events;Application: E-Sports, Location: Chelsea, Company: ESPN
65d262a8c981a7bfb5a5c093895581b3;developers squeezing opportunity mobile gaming;Vertical: Advertising
3805a178262b6ec0fa7c9cbf4739d2c1;private equity operating groups taking challenge coronavirus;Location: Asia
ce94e0f8014aac6a9d919681e71afc14;drone racing league launches flight simulator competition nbc;Tech: Drones
869b04736527758fcf499b2d55d29297;hacking plant life artificial photosynthesis takes leap forward;Vertical: Energy, Vertical: Biology
fe694b99324be02566ceaf9c4f5be616;walmart uses ai enable hour express delivery;Tech: Artificial Intelligence
f66da5fe3a7a674956e92f982873b40f;youre thinking embracing ai jump;Company: Baidu, Tech: Artificial Intelligence
b5fc29a184ccc9ddf4c79300690c98a4;india forcing people covid app unlike democracy;Tech: Mobile app, Application: contact tracing
106cf874503c2c82859981b90e8b23e3;hyundai aptiv redeploy autonomous vehicles deliver meals vulnerable people las vegas;Application: Autonomous Vehicles, Vertical: Food
6b5272a2204d6dbfb30bddb91642a620;residential solar power worth free online tool tell;Vertical: Energy
0e8459ea519f40f03587c58ededaf21b;qualcomm mediatek chase video game fans tweaked g chips;Location: China
6475d529033e5f261c0421a533c66820;tesla looking enter uk utility market;Application: Renewables, Vertical: Energy
c06dae00ba873794b5e6ffef4bfdb1ae;italian airport leads europe adopting ar thermal scanning helmets;Location: Europe, Tech: Augmented Reality, Vertical: Aviation, Tech: Cameras
19aec9d2a2325f4071f562d139e86dc0;kumbaya helps parents find virtual babysitting tutoring gigs teens;Vertical: Art, Tech: Mobile app, Vertical: Advertising
2982d6c47038c216cb1253c58c99c8c3;leading security mentality;Application: Cybersecurity
71a50c29dfce7f628ba47e15d998c089;luxury swiss watch fair goes digital covid lockdown;Location: China
4e4802c45592ed61ba6df847abf4a808;machine learning making pesto delicious;Company: Bayer, Application: Data Science
4e4802c45592ed61ba6df847abf4a808;machine learning making pesto delicious;Company: Bayer, Application: Data Science
4e4802c45592ed61ba6df847abf4a808;ai researchers reconsider protesting involvement military projects;Tech: Artificial Intelligence
4e4802c45592ed61ba6df847abf4a808;ai researchers reconsider protesting involvement military projects;Tech: Artificial Intelligence
fc43c5fd8020008d531646c594548b0c;mercedes amg cla review luxury car loaded tech safety;Company: Mercedes
06e6fadf2696d5b6fa95aa4414a9b605;microsoft claims ai framework spots fake news better state art baselines;Vertical: Art
8b51ad14206df4eeed5b75da91687be3;microsoft hires apple g chief develop hololens ai products;Company: Apple
66b4e59c9c3e38601f46551113f11400;miso robotics launches crowdfunding campaign autonomous kitchen robots;Vertical: Food
9030238c5b978ddd474add3c0d82f093;mixmode raises help fight ai driven cyberattacks;Tech: Artificial Intelligence
83a54e995e234890c6b60002ac14f8e6;amazon launches cognitive search service kendra general availability;Tech: Artificial Intelligence, Company: Amazon, Tech: Mobile app, Tech: Cloud
214d33f52278accfa65bf009bb04497d;european games bizdev gathering seeks keep deals money flowing pandemic;Location: Europe
83d7c569f12b76321fd00fab28799225;opportunity transform credit card;Vertical: Banking
b287c42e9785f653a0f035b6a0a6bc59;solar storage microgrid supply zero emission energy hawaiian transportation company;Application: Renewables, Vertical: Energy
ad8cd8bc26e22c9d181a9327e60636de;niko partners china games expected top billion;Application: E-Sports, Location: China
384d95ecf8a2ab95e174443995f1b315;node raises help businesses without ai expertise launch projects;Application: Advanced Analytics, Application: Contact Center, Tech: Artificial Intelligence
6bed2ed29fb43e18f87e26b68380e9eb;touch delivery platform protects spreading viruses;Tech: Mobile app
a5c09dd7e38df33edf09c7218c44b7d9;ionq ceo peter chapman quantum computing change future ai;Tech: Artificial Intelligence
834fbd83ecd8e283b6a73010df3e9117;nuro gets green light test driverless delivery robots california;Location: California, Application: Goods Delivery, Application: Driverless Vehicles, Tech: Robotics, Location: San Francisco
8610750a482b190e69b6a5d815b9375f;nuro obtains dmv permit test driverless delivery vehicles san francisco bay area;Location: California, Application: Goods Delivery, Application: Autonomous Vehicles, Application: Driverless Vehicles, Location: San Francisco
010ce8162408ed1d3d3dab7b9a852736;optimizing engineering life cycle requires digital transformation;Vertical: Automotive
3f74c0b1838a3925c4fe30ab72cb2081;waltz wizard movement works oculus quest hand tracking;Company: Facebook
3ec54efd06d1bcff72f4bb5dadcd44ad;physicists discover trick stabilize fusion reactors;Vertical: Energy
1df1dacbd88ad7dadccecbd3e36e6a55;supernatural month subscription worth vr fitness;Vertical: Fitness
a0a43733a2bc7eb368bb8967719a8bff;playing win oncology key capabilities success;Vertical: Medicine, Vertical: Biology
d707d1d5310c1151cc2cd04b1931c234;volvo add lidar eyes road self driving cars highways;Application: Autonomous Vehicles
3332481e5d0822621dd1b1381ac7fd20;quantum materials become basis ai hardware;Tech: Artificial Intelligence
662916b9c33b45aab2df2c8ae2f1e775;robotic g car id faces check fevers deliveries;Location: China, Location: Beijing
297c1ec6cd3651a5b699831393cc224e;learn sustainable travel past innovations;Vertical: Aviation
98178e03f9c0b816f072343c33cfba6a;scaling impact advanced analytics iberian insurance;Application: Analytics
45efe1ee1457efdae08ca209f681b83e;scientists discover toxic plastic eating bacterium;Vertical: Food
b5dc7bd1b563051c5334d2f54bf78659;scientists plot cells map full mouse brain;Company: Allen Institute , Vertical: Research
9dabe926b2249f063d7c4a65f9ebfd60;shippo raises shipping packages easier ecommerce;Application: E-Commerce
8256eeac1e7621e7aba9358e7a359648;siltbuster provides water treatment solution welsh water project;Company: Bentley
8d97f6dd490d40f85ac11d7765df14cf;skyy vodka promotes inclusive lgbtq specific ad buying platform;Vertical: Advertising
c1b536ef80b6e7789400e4424c241848;makeup artist creates diy manicure kit salon quality nails home;Vertical: Art
b593fc6ee67fc3936b39b298fc11f2fd;square launches online checkout take paypal;Vertical: Fitness
6eed7ddc95efbe56541258ec68925a7c;stanford researchers propose ai home monitor coronavirus symptoms;Tech: Edge AI, Tech: Artificial Intelligence, Tech: Cameras
8f67303376ab4c59b0df0dfecd6f33ee;sunco capital starts construction mw solar pv plants spain;Application: Renewables, Vertical: Energy
3cb4e957a7a0715b74c5088d542d9079;sustainable architects designers collaborate net zero homes;Vertical: Energy
8b86249059bca053bfe7592df0af4563;tenstorrent reveals grayskull accelerates ai model training;Tech: Data Center, Tech: Artificial Intelligence, Company: AMD
e05d94e103e5f2602b0554e1f0761fae;teri maithri partner generate drinking water air moisture;Tech: Air Water
1ea1c56663dd50d05097c4e0509399b9;trace plastic reduces marine pollution ghost fishing;Vertical: Biology
5738d31def976a160ffe36f32446717f;animal ai olympics going treat ai lab rat;Vertical: Sports, Tech: Artificial Intelligence
234aaaa1825d0942e02fc1f8de1ce97e;cybersecurity posture financial services iif mckinsey cyber resilience survey;Vertical: Finance, Application: Cybersecurity
738de498668297a17696dff0e1324103;power plant future right home;Vertical: Energy, Tech: Batteries
32953f9b3a55cfa4e996f84fd0298830;three challenges keeping cars fully autonomous;Vertical: Automotive, Application: Driverless Vehicles
4e7ccc54913bac46466ada2055835c6e;top ai startups theyre working;Application: Deep Fakes, Application: Cybersecurity, Tech: Artificial Intelligence
55293a00a5aeca34a91b8bc7433e26b6;chip demoed jeff bezoss secretive tech conference key future ai;Tech: Deep Learning, Tech: Artificial Intelligence
766ca63c67f3a57f5e0e18148e6f804f;map shows global spread zero day hacking techniques;Location: China, Location: Arab Emirates
58e13f7ab4b66aa9bfad65a495ca976a;apple ii ai driven robot arms;Location: Berkeley, Company: Apple, Tech: Artificial Intelligence
307aa0480d2d983f35e1ea760e430379;startup selling thermal imaging glasses virus detection;Tech: Augmented Reality
511e76db13d9208144bc870861d1523f;end pandemic give universal testing green light;Vertical: Medicine
40ec805775277af29fba2da053442ba6;strong base client lifecycle management kyc allows banks adapt changes;Vertical: Banking
c9a984f821aa316a06ba235ffc527914;temasek paradigm slow ventures join libra association;Application: Digitalization, Tech: Blockchain
21140f2d9768732525dec7a6cabe7946;rival ai approaches combine let machines learn child;Tech: Artificial Intelligence
3a5052b646394c8ecaa71e88d010be6c;u k debunks g coronavirus link conspiracy theorists burn cell tower;Location: Africa
f9137c719c93a489f21aef0afee131b9;u government memo zoom taking security concerns seriously;Application: Cybersecurity
0f31ddf0af93b3cd6c4f099667d12aff;uber eats businesses launches globally amid remote working surge;Application: Goods Delivery, Vertical: Food
9565fbcb9b4c816b6fd67ec4115ede8b;blockchain technology used protect researchers working together pandemic;Tech: Blockchain
c5b9c4f8d51af6bcc896be6cce3e977c;vector institute ai makes predictions random events market trades;Vertical: Finance
124413fcef03e2f9e7cb2bc5ecea5664;vinsa build visual ai workflows boston dynamics spot quadruped robot;Company: Boston Dynamics, Location: Boston, Tech: Artificial Intelligence
eae61967868b25d8dbfe79d01bfbc097;virtual augmented reality investment levels quarter;Tech: Augmented Reality
2ba2b9fa7ddb63a10518e789739a7030;virtual club keeps people dancing lockdown;Location: Berlin, Vertical: M&A
a8cfa93f40ebf8aac25186d6c89a22dd;volkswagen made disinfection stations parts found factory canteens;Vertical: Automotive
1dc1771b6e4b8a36f3f0a535f151f388;future money post pandemic citibank;Application: Cryptocurrencies, Tech: Blockchain
9f8ff472813f6709dbbaef70dd617811;nordea nasdaq join forces sustainability footprint investments visible;Vertical: Finance
e56b22c0d4c8de85dc8aec8645424e08;waste processing solution decomposes kind solid waste carbon;Vertical: Agricolture
36f686ddec29a28aa61070fe54c25c5c;waymo resumes limited autonomous driving testing phoenix step back normalcy;Application: Autonomous Vehicles
66982f97a61417942f1847a086b17e17;learn self care past health innovations;Tech: Mobile app
cf3c2eaaa01fd102de85e8f18b5e10e8;youcam makeup providing free ar tech brands covid outbreak;Tech: Augmented Reality, Tech: Mobile app
b704d914c6bfe6e3835d1c08ceeae536;data demand dynamic architecture high speed age;Application: Analytics
42f4e504ff8b2ad799107c969a182b5b;coronavirus lockdown making internet stronger ever;Tech: Data Center
151991ea6a5330ae50f250a9d543ad6a;smartphone innovation third decade st century;Tech: Artificial Intelligence, Tech: Cameras
4f3cc238e28251e4fd6c1de8610e81bc;safer smarter future working remotely energy materials;Vertical: Energy
787212ae036efd76b831788e30b13d09;consumer sentiment evolves next normal approaches;Location: China, Location: Brazil, Vertical: Food
1b18abfec87ed11a98e06f7c7bdceef2;taking ownership sustainable future;Vertical: Energy
d0c82f984a55cd6babb737c406586e0c;agriculture supply chain optimization value creation;Application: Analytics, Vertical: Supply Chain, Application: Advanced Analytics, Tech: Digital Twin, Vertical: Agricolture
b38d49b926fa65f72bed0b2c945928ef;need rethink purpose ai conversation stuart russell;Tech: Artificial Intelligence
05627273868097bb06003163e8e423ba;technology safeguarding health livelihoods asia;Location: Asia, Tech: Mobile app
9bc88d98643d7b1a2a6f40bdfc043a17;dathena raises ai monitors classifies sensitive enterprise data;Application: Advanced Analytics
8f437aaed2744ce7350ec8b78e390ded;coronavirus g devices coming networks ready;Location: China
350b08dd0fba079ab16f812b59689570;uber rolls ai verify drivers wearing face masks;Application: Computer Vision, Tech: Artificial Intelligence
c5ee3eb72096c9447d1141819c04af9b;fortnite launch next generation consoles unreal engine migrate ue;Company: Fortnite, Company: Epic Games
21225d236cf7a7a12e822e508e9e28d1;autonomous vehicle resume public testing others express caution;Company: Baidu, Application: Autonomous Vehicles
43a8335ad23d74c825fa1ab9c0894f0e;capitalg leads investment managed cybersecurity provider expel;Application: Cybersecurity
4fc47c2e73018748bc2bcc5680c3d0b4;spatial gives enterprises free access holographic ar vr meeting app;Tech: Virtual Reality, Tech: Augmented Reality
c7219e1915c95cc749e8280cbb1ffdeb;rpa startup fortressiq raises;Application: Computer Vision, Tech: Artificial Intelligence
3662f574f941685f7ed07f4010817387;altr raises broaden data security service;Location: Austin, Application: Data Science, Tech: Blockchain
2f2b3fa2049ba6d770b4d399dc47d167;uber open sources automated design framework experiments;Tech: Artificial Intelligence
7a556ff1c0afbb416c254d12035dad0f;beware lofty promises covid tracker apps;Tech: Mobile app
ab3f0c2f8dfbe5964e08f09427b8619a;spatials vr meeting rooms open everyone;Tech: Virtual Reality
b4121b6a233ceb22cd5b41b119d3a578;sygnum bank adds xrp currency portfolio;Application: Cryptocurrencies, Application: Digitalization, Vertical: Banking, Tech: Blockchain
6fbd9a236bc57858f3880af150cc0b7d;future hold hybrid multi cloud future;Vertical: Banking
179c001785e75b86d0efbadf5c6130f1;machine learning helps combating financial fraud;Vertical: Finance, Vertical: Banking
c5bf12f55a20b87fc53af74dce0cfa86;projector far much fun car tech;Application: Autonomous Vehicles
6b1343333f374c0d8acb10957d3cecd9;bbva imdea software institute partner research advanced cryptographic techniques;Vertical: Finance
aa16a34794a44fa8d807c6954e3c58b3;bosch unveils smart virtual sun visor cars tech show;Company: Bosch
407994148eea9608bfee2af526b5ffa5;caixabank launches mentoring platform female entrepreneurs challenged coronavirus;Company: Caixabank, Location: Spain
5bfe9fe1ff45bc9ebe8879aca49eb68c;material data accounting sustainability reporting;Application: Advanced Analytics
378020878fa8f2c9de8316dba6453f75;airlines chart path zero carbon flying;Vertical: Aviation
5b9d2e2e1a5a122475029cd89fa1b27c;covid implications life sciences r recovery next normal;Vertical: Medicine
1ad4f4f0d3cebbbf5f2241d0e6f8b169;billion people really live temperatures hot sahara;Location: Africa, Vertical: Food
256d098c13a412e483fdca37702a4c11;safe paths privacy approach contact tracing;Application: contact tracing
0b95fa37c15f65a1441c065993b77ef5;las vegas excavation gives meaning tunnel vision;Company: Boring Corporation
5b351e48973455c90133ee1836dcd43b;honda self driving concept offers modes;Vertical: Automotive
50c7455da339cc189e827793df3f1890;car audio pose greater dangers texting pot;Tech: Mobile app
c80db19e7214f2611efc60b412f612ce;putting price protection importance cyber insurance;Application: Cybersecurity
bcae9a8525d7a974f9ac0c85e9c229a6;tesla cars automatically stop traffic lights;Location: Florida, Application: Autonomous Vehicles
40df3ec82b4495dff050121f8a66cedb;research exposes security risk e scooters riders;Application: Cybersecurity
cf4a502cbc3be4bf184002d5db67ac81;reif leads second town hall discuss plans continuity reopening campus;Vertical: University
ec9cced15cf6149cbd331a5375fe8b17;c mobile robot geek features greater reach cargo capacity;Application: Autonomous Vehicles
06c05dfb498a820a2f0238c83d589c49;demand webinar big data empowering banks drive customer centricity;Application: Customer Experience, Vertical: Banking, Tech: Big Data
dd111460966211e5d140d2438ee65612;lofty promises autonomous cars unfulfilled;Vertical: Automotive
1bb6b62fc9a95bdc1d58d33f753e2f08;bank service future banks fintech startups;Vertical: Fintech, Vertical: Finance, Vertical: Banking
770cca4dd53c4476818b1295db7c596d;thecityuk calls overhaul fintech regulations;Vertical: Fintech
59323961c19a3669082f71374b88169a;visa boasts fintech fast track success;Vertical: Fintech, Application: Cryptocurrencies
a1a55bf0e843443920ea9bdad359771e;covid driver era credit risk rating;Vertical: Finance, Vertical: Banking
4e2eba0204b22edc7a595e700eaa978d;robot report issue autonomous mobile robots;Application: Autonomous Vehicles
47343daec705fd6d4ff4c570d1e043aa;mastercard open israeli fintech cyber innovation lab;Vertical: Fintech, Vertical: Finance
cad8439052150cc0cb779feaa0a2a50d;anna raises european expansion;Application: Personal Assistant, Vertical: Finance, Location:  Amsterdam, Vertical: M&A, Location: Europe
412bba219a0cd9cd4b069248f8f4fbdb;workvivo raises reinvent intranet age slack zoom;Company: Facebook
a406642f4245313e6ec7dcee12fd3952;mas amtd set fintech solidarity grant;Vertical: Fintech, Vertical: Finance
73d7e2299c70f056be83511983d1935b;blockchain valley ventures launches virtual deal marketplace startup funding;Tech: Blockchain
3da78b85ee0d669e811f10ac213a5a75;secret space plane carrying solar experiment orbit;Vertical: Energy
c3867e2ca29ffade71f104301bf2a743;facebook afraid checking facts;Company: Facebook, Vertical: University
5fe7648973073792b1869fa8ad5a321e;nvidia launches clara guardian power smart hospitals surveillance sensors edge ai;Tech: Edge AI
ba0785cd3489a0660ead8f858ca30518;nvidia ceo jensen huang merlin power important ai model;Application: Natural Language Processing, Tech: Artificial Intelligence
a51b513dbe4ce47d12617c6f4c7138c7;loansnap raises ai matches borrowers loans mortgages;Vertical: Finance, Tech: Artificial Intelligence
19c7affcac081fc5a657e6dc63ff4666;nvidia unveils monstrous ai chip billion transistors petaflops performance;Tech: Data Center, Tech: Artificial Intelligence
50fd52c3539ac94dca174c2cf647fe29;clear labs raises expand automated food safety platform covid testing;Vertical: Food
9d3d71da7640282e1e4a788a1dd361a3;pandemic means publishers;Vertical: Advertising, Vertical: M&A
325311ac83b2332eeff600f385324f0b;waymo ai uses vectors predict pedestrian cyclist driver behavior;Tech: Deep Learning
9cdf722633c69ae4d3715b78ff840965;blockchain service smes great opportunities;Company: Microsoft, Tech: Blockchain, Tech: Cloud, Company: Amazon
91a123f9436e31f3f20f687c2d8feae6;home people bring offline passions online youtube;Vertical: Art
be4e84cfeed262d979363388179f5822;agile future digital finance europe;Vertical: Fintech, Vertical: Finance, Location: Europe, Application: Digital Payments
54bd92bf9bbdf5207308a0dd64afd450;bequant launches prime brokerage institutional crypto assets;Application: Digitalization
e89f88e81ea9d24a4e3cdbc569a71229;researchers rebuild bridge neuroscience artificial intelligence;Tech: Artificial Intelligence
59985683cb4bf7db790764854e96d93c;cuts energy required training running neural networks;Tech: Artificial Intelligence
a77fbd2d17ecb8a9c483d77049fd8ccc;fintech service going global;Vertical: Fintech, Location: Berlin
585da41490a10cde3a4502227d90e895;android banking trojan affects financial apps;Vertical: Finance, Tech: Android, Vertical: Banking, Tech: Mobile app, Company: Google
9b07533a6f3b211832666ffb7daba261;resistant ai raises seed funding;Vertical: Finance, Vertical: Fintech, Application: E-Commerce, Tech: Artificial Intelligence
72c177ee052d72b40215be5613e1d0aa;researchers unveil pruning algorithm artificial intelligence applications run faster;Tech: Deep Learning
e73eb7c39aefc905008fa1d7359547fe;swisscom picks cryptomathic e signature service;Location: Europe
d634ec703b878fe63f13b78074d28166;digital identity consortium forms develop trust ecosystem;Application: Digital Identity
708c610536428fe9a54275bcd726d0d6;cyclist driver middle finger wars enter emoji jacket;Location: Europe
040eb1e4739d7a991c53f0314e89bf75;fintechs getting small businesses help need faster;Vertical: Fintech, Vertical: Finance, Vertical: Banking
bc5d80835f42f960359069e7c3328c4d;security compliance open banking;Vertical: Banking
b13908615909eedc01be3d2a65860570;potential emerging technologies;Vertical: Banking
0c01f5f5c3eb8c3d596da056b9a1aa01;ai financial advisors platform vise raises;Vertical: Finance, Tech: Artificial Intelligence, Vertical: M&A
c9aa6699a43c628b223990bfff825b4e;waymo raises another autonomous vehicles;Location: Arizona, Application: Autonomous Vehicles, Company: Alphabet
a8db2544685517e491c853cfcfb01532;hailo foxconn socionext partner ai processing video analytics edge;Company: Foxconn, Tech: Deep Learning, Tech: Artificial Intelligence
0d208e861776611e370dd49e2879bc50;facebook ai hate speech improves much unclear;Company: Facebook, Application: Cybersecurity
923693ceb1b0f9574eebf0c24a73c73e;revises passenger safety rules autonomous vehicles;Application: Autonomous Vehicles, Vertical: Advertising
ba7a436c4831a868341804b040199ace;mazda files patent hybrid rotary engine update;Tech: Batteries
8ead07ade7837ccf089c694b56c3ccee;fintech brazil bright future;Vertical: Fintech, Vertical: Finance, Location: Brazil, Vertical: Banking
3c5a5a1be2eecca4af8e69c732fbec21;trains driverless cars simulation hit road;Vertical: Automotive, Application: Driverless Vehicles
889f1e159abf6f33fd0c1ec7f8ddb333;fa fingerprint id;Vertical: Finance, Vertical: Banking
ce90272a4a679c823fa7469cf539f254;apple steering towards smart automobile windows;Vertical: Automotive, Company: Apple
31092a2215c4096eff0c418b90a92f7f;malfunctioning stablecoins hit financial stability ecb paper;Vertical: Finance, Vertical: Banking
1291a8911994784b0eac348f28282977;hmrc takes nearly covid phishing scam sites since march;Vertical: Banking
9a88eaa01f0c8b14b0bc7cbdfe50389f;citi helps govt tackle covid related fraud;Company: Alibaba, Company: Amazon
51869ea2981795aaa5c338e50739f786;libra association names hsbc legal chief stuart levey ceo;Vertical: Finance
626c366278f0eae01e0813d8b032c6d3;post covid reality change banks fintech;Vertical: Fintech, Vertical: Banking
a5b5dc3a284e4fb72e98ab1a3e594bd9;coronavirus hits q fintech funding;Vertical: Fintech, Location: North America, Location: Asia
8b7abf7e64e6457b1dfcba54c35afe80;banks run legacy able compete digital counterparts;Tech: API, Vertical: Banking
c10e50f079834c2480be02f6b9c2a62f;ways covid transforming digital finance;Vertical: Finance, Application: Digital Payments
5fe7b04d7e8961f22604d08961f49ec4;featurespace raises fight financial crime;Vertical: Finance
571876de37a2c26f5a8a3e1937dcb015;covid pandemic dramatically shifts canadian spending habits;Application: E-Commerce, Application: Goods Delivery, Location: Canada, Vertical: Food
726fce3ad091bcef1672e3f5ba2e60d1;epic games unreal engine bring generational change graphics;Company: Fortnite, Company: Epic Games
e5627b4d601dd84128b0e595ea7a2bd2;agvs vs amrs differences mobile robots;Application: Autonomous Vehicles
288ec0204e04380db8b6130f4f4911cc;nice actimize infosys team financial crime;Vertical: Finance
a110e53fa1a2a0ac9d7fd04db8ca61fd;payments service api platform modulr raises;Application: Digital Payments, Tech: API, Location: Europe
1e8a29687b8940341912b04f722f95c1;crypto trading platform falconx raises;Vertical: Finance, Application: Digitalization
024e39e4c912e043aceb022b442f8a6e;building coast coast silicon valley;Company: Amazon, Location: San Francisco
a2f80137776f59df73974dad700ebd05;automating search entirely curiosity algorithms;Tech: Machine Learning
a43e5897404444e30e296eb61fc5a2c7;privacy threat combines device identification biometric information;Tech: Biometrics, Application: Cybersecurity
588b4d452fb9f3086d5db234d56b772f;discussions update ec security continue;Tech: Cameras
ec86361327808e44cb6ede901b8ae718;hole forming ozone layer arctic;Company: European Space Agency, Vertical: Advertising, Location: Europe
d1eca51141a6fd5535da43f92eb636d1;self driving car company lays human safety drivers;Application: Autonomous Vehicles
ae09b83b08154bdb023ba456a29b47a7;massive chinese rocket plummeting sky right;Location: China
0d7fb8ef19f6cc0860cfe3c43db8a6c9;darknet marketplaces full covid tests medicine;Application: Cryptocurrencies
b4d33719fc5fdf6e9f7168501f9a36d7;defying shelter place tesla building cars today;Location: California, Location: Alameda, People: Elon Musk
f4d7db3df6fb24687381f91e9313684d;experts fever detecting cameras really stop outbreaks;Company: Amazon, Tech: Cameras
06ebf5e3f5a39fef0d9691f55ac20231;russian rocket disintegrates space leaving orbital debris;Vertical: Advertising
29f1c0be68c16b4f623a16eda753e0fc;hyper realistic game engine looks almost real life;Company: Epic Games, Company: Fortnite
8f6cc7f82aa2525d0d570841b15fe3a7;neuroscientist conventional computers never conscious;Company: Allen Institute , Vertical: Research, Tech: Artificial Intelligence
eab8668bb3f1bf5ba527670811371923;control chinese rocket reportedly dropped debris africa;Location: China
32dd9e1d228274517c47e5db018f15b5;officials chinese hackers targeting vaccine research;Location: China, Vertical: Advertising
b43fb8ac0c90db4acb10b5bf49328f9b;scientists find evidence europa shooting water space;Company: European Space Agency, Vertical: Advertising, Location: Europe
1d51056de91e9460eae58806246ba781;researchers working days per month help fight covid;Vertical: Biology
635307caa07d711768964b43b1587422;nootropics help stay focused productive amid stress distraction;Vertical: Food, Vertical: Energy
dadf0b440287c86472f10f9ac29536b9;state farm latest deep fake race build perfect streamer monday things;Vertical: Food, Vertical: Advertising
53fdfc944df0a8900af9f16e554f8c01;platform lets shoppers track store reopenings real;Tech: Mobile app
799ee706f4b9d85cc0e036109e6b31e6;blockchain good crypto courses show;Application: Cryptocurrencies, Tech: Blockchain
47b22e29fd263e0cbd8629d67a25173c;pharma company claims find part covid fighting cocktail;Vertical: Medicine
6423769cdd4b1f4cf3ca7f5fdba21a9a;scientist discovers gross fungus twitter;Location: North America
f2ccc72b3b1669dc8e484780411d8dc6;engineers printing nuclear reactor;Vertical: Energy
d453a23de3ebed0cdcc343d6da5ec9d0;scientists creating mouse human hybrids;Vertical: Biology
795bc62d1315e063aae1a010ceb1ffa7;research spacecraft pass tail dead comet;Company: European Space Agency
3c67566f055c951b195c8f192cbc030c;oil gas covid day reckoning age opportunity;Vertical: Energy
6c275e2d9c92216a986ebf398979a9a7;adapting next normal retail customer experience imperative;Application: Customer Experience
ae767a64b4846e0ecd11af1f3da49673;restore reimagine digital analytics imperatives insurers;Application: Advanced Analytics, Application: Analytics
4ed91f2d8a291c8c19f5f730c8f5d132;hitting road chinese travelers thinking trip covid;Location: China
aa27b7e60b82463f9f4c35efeadac289;personalizing change management smartphone era;Vertical: Research, Tech: Mobile app, Application: Behavioural Sciences
e0deff003b5368913fee670b6dca6c83;laying foundation zero carbon cement;Vertical: Energy
41602e589cd80aac336a2bcc3aa5461a;openai finds machine learning efficiency outpacing moore law;Tech: Artificial Intelligence
9add1c9bb8186cb2981952df7b97d225;circular fashion software company creates bespoke sustainable shirts;Vertical: Fashion, Application: Renewables, Vertical: Energy, Company: BBC
5b1fa3c312b8a2739d1f4fd1d42f071f;production process brings biofuel closer commercial availability;Vertical: Energy
5b2bd71484754e0d74e76b1131af6bbf;self driving taxis available ride hailers;Company: Alibaba, Tech: Mobile app
15e442a2a7572c21abba027dcff3687f;beverage brands ecommerce platform launch virtual concert experience;Application: E-Commerce, Vertical: Art
d6f8122568c655e3df7d59e8c8e11330;teaching tools home;Location: China, Tech: Mobile app
3d54c1985447dc5a3fca0cc5267719bb;ana avatar xprize aims advance telepresence robotics;Tech: Virtual Reality
b269898430fdd1c4f18d297bf5e979c8;james dyson spent money company canceled electric vehicle;Tech: Batteries
25cbd835591d4cc394481713fe7b96c4;ibm adds noise boost ai accuracy analog memory;Tech: Artificial Intelligence
3249c8ab546ddcfe7e0485bb241befa6;china u target ai race technological supremacy;Location: China, Company: Alibaba, Tech: Artificial Intelligence, Location: Europe
7394b6315ebd7f012a454c95fe40794f;leisure economy money playing games;Application: E-Sports
