;ID;Titolo;Trend;Tags;Tag;Tech;Location;Company;People;Application;Vertical
0;c812e0a3418d624ae60df3ec9e19d184;pandemic drone spot infected;Robotics and Human/Machine Hybridization;Tech: Drones;;Drones;;;;;
1;0e2ef6bd7619374e0531d1551ab2141e;census data anonymous expected;Privacy and Security by design;Vertical: Advertising, Company: Adobe;;;;Adobe;;;Advertising
2;8602d8791a1754506303dcfd9a7b79e3;common pandemic scams highlighted domain name analysis;Cyber Defense and Fight against Fakes;;;;;;;;
3;2157ac6d12e063b6a38c5c0491e0b322;questions rapidly unfolding future smart fabrics;Workforce Transformation;Tag: Future;Future;;;;;;
4;89390733d3f9e1f30bae53de5e2d8a04;types robots playing vital roles covid;New Normal after COVID-19;;;;;;;;
5;c1f9fe92d1147d451a00d7a077adaf8a;point raises expand ai powered telehealth service;Health Tech;Company: Apple, Tech: iOS, Tech: Artificial Intelligence;;iOS;;Apple;;;
6;03f3d4edb933fd41d4dfe0d9f5c053b1;black hole orbiting sun guy wants find;Space Exploration and Exploitation;;;;;;;;
7;655dde2aeba917a7ca29388dbc3d77cb;colorado neighborhood runs self reliant clean energy grid;Decarbonization & Electrification & Smart Energy;Vertical: Energy, Tech: Batteries;;Batteries;;;;;Energy
8;2fda66d2d8af48751a8455f6beb05abb;flood coronavirus apps tracking keep track;New Normal after COVID-19;Application: contact tracing, Tech: Mobile app, Vertical: Health & Medicine;;Mobile app;;;;contact tracing;Health & Medicine
9;43aeb12810157f718d9c2e0ef99ce643;tesla already started making cars california factory;Future of Mobility;Location: Alameda;;;Alameda;;;;
10;dff1f72c4b25c9ad2d174a7a8b6fc652;computer chip mimics neurocircuitry noses smell;Immersive and Augmented Enviromnents;;;;;;;;
11;32c011f9dac196e64a2fb3e3b177cfdf;bosch lidar tech turn corner autonomous driving;Sensors and Smart Things;Tech: Cameras, Company: Bosch;;Cameras;;Bosch;;;
12;254788edc7fc8f3f71263dcf339de972;robot figured tools;Road towards Artificial General Intelligence;;;;;;;;
13;254788edc7fc8f3f71263dcf339de972;robot figured tools;Ecommerce and Digitalization of shops;;;;;;;;
14;254788edc7fc8f3f71263dcf339de972;ebay waives fees business sellers;Road towards Artificial General Intelligence;;;;;;;;
15;254788edc7fc8f3f71263dcf339de972;ebay waives fees business sellers;Ecommerce and Digitalization of shops;;;;;;;;
16;606264afdf61b2a31980d3d2ec6da758;activ surgical announces activedge platform real surgical intelligence;Health Tech;Tech: Artificial Intelligence;;Artificial Intelligence;;;;;
17;1aa8f9be0e66b7a0f5167884c5f608c0;adapting customer experience coronavirus;Digital Transformation and Automatization of Processes;Application: Customer Experience;;;;;;Customer Experience;
18;02e960a1e7d6d7fd4b4bae904343bdf1;maker failed ibackpack agrees never crowdfunding;Fintech and future of economy;Vertical: Advertising, Tech: Batteries;;Batteries;;;;;Advertising
19;ed260df7d47dd6a39038d828fbd8c66b;ai create intelligent tutoring much quicker humans;Augmented Intelligence through ML and DL;Tech: Artificial Intelligence;;Artificial Intelligence;;;;;
20;6332cb30ecdd144d8cd76ac5a3d6d475;ai weekly cdpa bill shows progress coronavirus tracking data privacy still ways go;Privacy and Security by design;Application: Advanced Analytics;;;;;;Advanced Analytics;
21;8959e9eb58488e231ef020ddc6845275;ais white guy problem isnt going away;AI Ethics and Unbiasing;Tech: Artificial Intelligence;;Artificial Intelligence;;;;;
22;e8aa5326c8905804e2165bfbf7364623;alexa needs robot body escape confines todays ai;Road towards Artificial General Intelligence;Company: Amazon, Application: Personal Assistant, Tech: Artificial Intelligence;;Artificial Intelligence;;Amazon;;Personal Assistant;
23;3be6c20231e852359ddaba05015754a3;alphabet sidewalk labs cancels toronto smart city project unprecedented economic uncertainty;Rapid Urbanization and Smart Cities;Company: Alphabet;;;;Alphabet;;;
24;1c8e102e67aa37b289fbecf35cad48f8;amazing image jupiter looks burning;Space Exploration and Exploitation;Company: BBC;;;;BBC;;;
25;4e9b9cefaae88022daad0d08aae4af08;ai algorithm inspired kids learn harder confuse;Augmented Intelligence through ML and DL;;;;;;;;
26;8bb5ca6481db0f0067117619ae7ec7d2;ancient animistic beliefs live intimacy tech;AI Ethics and Unbiasing;Company: Amazon, Application: Personal Assistant, Tech: Artificial Intelligence;;Artificial Intelligence;;Amazon;;Personal Assistant;
27;8e7ca0353c9e7369272ae6036883fc1d;annapurna interactive hires indie game veteran nathan vella top executive;Future of Gaming and Hyper Reality;Company: Annapurna, Vertical: M&A;;;;Annapurna;;;M&A
28;e711bdb101852c511830157c56355c03;app developers post covid bleak future rife opportunity;Digital Transformation and Automatization of Processes;Vertical: Advertising, Tech: Mobile app;;Mobile app;;;;;Advertising
29;7e7f1f7f699753476001013b44532067;apples voysis acquisition boost siris iq respected ai test;Augmented Intelligence through ML and DL;Company: Apple, Application: Natural Language Processing, Application: Personal Assistant, Tech: Artificial Intelligence;;Artificial Intelligence;;Apple;;Natural Language Processing;
30;3b3ce14e2229fd7f9ec2c32d243666cd;architects design timber college building;Sensors and Smart Things;;;;;;;;
31;784109fdb71bee3cebc07d45b0a9b374;artificial intelligence cannot legal inventor yet;AI Ethics and Unbiasing;Tech: Artificial Intelligence;;Artificial Intelligence;;;;;
32;39e392db0880283cfaf434562d158174;meat shortages spread globally startups offer alternative cuts;Circular Economy Sustainability and Zero Impact Economy;;;;;;;;
33;4d3a2ded7abec36173100472d20c14b4;astronomers solve x galaxy mystery powerful telescope;Space Exploration and Exploitation;;;;;;;;
34;18300ed19b8f70e973d73b808dd5aa90;australian researchers develop detect covid gene sewage;High Tech Farming;;;;;;;;
35;0cd6a63c55ae35fc497b20cc45609175;automation game changer saas vb live;Digital Transformation and Automatization of Processes;;;;;;;;
36;dea23c5e07b971d0342736513b4ec155;battery research quality control solutions;Decarbonization & Electrification & Smart Energy;Application: Renewables, Vertical: Energy, Tech: Batteries;;Batteries;;;;Renewables;Energy
37;45fdccfdea7de3ee2a6fae2e82ba7dc2;bci acquire stake water dispenser manufacturer waterlogic;Smart & Digital Water;Tech: Brain Computer Interfaces;;Brain Computer Interfaces;;;;;
38;c3fa86f07dab9b4992a54c36ac348a68;bias busters seeing strategy alternatives momentum case;AI Ethics and Unbiasing;;;;;;;;
39;e9992eaf6343b79f161b02d360e4cad6;blockchain platform lets consumers customise sustainable energy usage;Blockchain and Cryptocurrencies;Application: Renewables, Tech: Blockchain, Vertical: Energy;;Blockchain;;;;Renewables;Energy
40;4213fba75d8a2c9bca90e7cbd50c0c46;boston dynamics buys better brain robots;Robotics and Human/Machine Hybridization;Company: Boston Dynamics, Location: Boston;;;Boston;Boston Dynamics;;;
41;8e38f2300aef355a0986115cd6b341dc;boston dynamics spot features improved autonomy mobility;Robotics and Human/Machine Hybridization;Company: Boston Dynamics, Location: Boston;;;Boston;Boston Dynamics;;;
42;da0aa2fe9a26760012d1be8bcd4874f3;conservatives liberals want green energy future different reasons;Decarbonization & Electrification & Smart Energy;Application: Renewables, Tag: Future, Vertical: Energy;Future;;;;;Renewables;Energy
43;f5a877d09b6f51292a64e801cb5ab5ab;bracelet helps enforce social distancing returning workplace;New Normal after COVID-19;Location: Antwerp;;;Antwerp;;;;
44;b4e2c2e8a35d72b9251be5acf88f3d8e;building e commerce business lessons moving fast;Digital Transformation and Automatization of Processes;;;;;;;;
45;2736af96d47512cbfd1c9fccb8aa0619;coastal cities turn tide rising flood risk;Smart & Digital Water;Location: Bristol;;;Bristol;;;;
46;fcba7de9dd9abf4ddf9dc2eed3110066;cato networks raises cloud security platform protects remote workforces;Privacy and Security by design;;;;;;;;
47;fce2aee14053b9c55889451bd77f361f;cheetahs inspire nc state robots move faster grasp precisely;Robotics and Human/Machine Hybridization;;;;;;;;
48;f705311bd281ee8619ae92832085da8b;china installing surveillance cameras inside people homes;Cyber Defense and Fight against Fakes;Location: China, Tech: Cameras;;Cameras;China;;;;
49;a93538ac27bf5445942d47f9d819b7cf;china lands moon bound spaceship day orbital joyride;Space Exploration and Exploitation;Location: China, Company: Al Jazeera;;;China;Al Jazeera;;;
50;d0790437f4349f9261731beb1704b9c0;chinese hackers others exploiting coronavirus fears cyber espionage;Cyber Defense and Fight against Fakes;Location: China, Application: Cybersecurity;;;China;;;Cybersecurity;
51;c69084db8df0146254c244ef337b2dbf;chrome arrives web nfc origin trial ar features mixed images autoupgraded https;Immersive and Augmented Enviromnents;Tech: API;;API;;;;;
52;12ec331acf71fd0d60f94f2ffe922f78;cloud lab allows scientists work remotely;Workforce Transformation;;;;;;;;
53;6e834c81ec4226ab4b33a5bc7ac5b56d;cloud self checkout platform compatible store setup;Ecommerce and Digitalization of shops;Tech: Mobile app;;Mobile app;;;;;
54;f1abc78988be0835c167addbaf67ee9f;congress wants protect biased algorithms deepfakes bad ai;Cyber Defense and Fight against Fakes;Application: Deep Fakes, Tech: Artificial Intelligence;;Artificial Intelligence;;;;Deep Fakes;
55;e7e564f08b9318ed6ded32f872bddbd8;coronavirus campus higher education organize respond;Future of Education and Digital Learning;;;;;;;;
56;6e4a8fc4bb4c34122c92f214b50a3054;coronavirus five strategies industrial automotive;New Normal after COVID-19;Vertical: Automotive, Location: China;;;China;;;;Automotive
57;2baf8b1e59140ee7441cf6f4034c244a;covariant raises series b funding ai robotics unassisted autonomous manipulation;Robotics and Human/Machine Hybridization;Tech: Artificial Intelligence;;Artificial Intelligence;;;;;
58;ae94ea88321a3c3f20cf9697c5275b90;covid ended heyday israeli tech job market;New Normal after COVID-19;;;;;;;;
59;d2e9a1e6949eb266a53d95faf298528b;covid implications business;New Normal after COVID-19;Location: China;;;China;;;;
60;2e5c3a29fd1dab5e185ee9d578980a99;customer care organizations moving crisis management recovery;Customer Experience and Human-centered Design;Application: Control Room, Application: Customer Care, Application: Contact Center;;;;;;Control Room;
61;8664522bb730684178110bdd4a9272d0;customer care organizations moving crisis management recovery;Customer Experience and Human-centered Design;Application: Customer Care;;;;;;Customer Care;
62;e617fa8c4e035baeaad216fa36221170;cybersecurity overlooked covid response ieee expert;Privacy and Security by design;Application: Autonomous Vehicles, Tech: Drones, Application: Cybersecurity;;Drones;;;;Autonomous Vehicles;
63;8300644a28b74699424a2e61a815a876;cybersecurity tactics coronavirus pandemic;Cyber Defense and Fight against Fakes;Application: Cybersecurity;;;;;;Cybersecurity;
64;74ab6808e1b93f78aaeccdfcd4e46af8;cyclopure iflux announce availability dexsorb europe;Smart & Digital Water;;;;;;;;
65;a466a0a4f0081adac42c8d2c4ec92f36;twitch selling digital gift cards;Future of Gaming and Hyper Reality;;;;;;;;
66;eb4d3dcabcab4c8f4654378b35a9652c;deep learning found exoplanets human astronomers missed;Space Exploration and Exploitation;Tech: Deep Learning;;Deep Learning;;;;;
67;5c22614d0e97048631599a3c9b7d16cf;deepmind compares children ai explore;Augmented Intelligence through ML and DL;Company: Deepmind, Tech: Artificial Intelligence;;Artificial Intelligence;;Deepmind;;;
68;48f2293dda3f8713a3184c20b08fe815;deepminds ai models transition glass liquid solid;Augmented Intelligence through ML and DL;Company: Deepmind, Tech: Artificial Intelligence;;Artificial Intelligence;;Deepmind;;;
69;1ef51d823502c2bb68b3df93f8832e6b;delivery apps offer restaurants lifeline cost;Ecommerce and Digitalization of shops;Tech: Mobile app, Vertical: Food;;Mobile app;;;;;Food
70;bda9cfc085eb45e70388437e08dd1e92;designers collaborate transparent patient isolation hoods;New Normal after COVID-19;;;;;;;;
71;6eb6eb81338c1dc3c3f664139de80820;give personal freedoms beat coronavirus;AI Ethics and Unbiasing;Location: China;;;China;;;;
72;d0dd28f43d5adaee497e23713536d9a8;doctors cloning covid patients antibodies treatment;Health Tech;Vertical: Health & Medicine;;;;;;;Health & Medicine
73;88c789b69c50d0f0e06988386d59488c;logitech sales boom people outfit home offices;Workforce Transformation;;;;;;;;
74;884d413358fcd35a32cde87798c55094;elliq beta testing shows robots relieve isolation older people;Robotics and Human/Machine Hybridization;;;;;;;;
75;10bb1154d622ce8989f1f259645f0d8e;elon musk working tesla assembly line today;Future of Mobility;Location: California, People: Elon Musk;;;California;;Elon Musk;;
76;1d3f7c35a27cf3696f215659c2e8b344;aeroplane seats designed protect coronavirus;New Normal after COVID-19;Vertical: Aviation;;;;;;;Aviation
77;78e372665a7294a865c028ed7210329e;enel kick starts construction renewables plants spain;Decarbonization & Electrification & Smart Energy;Application: Renewables, Vertical: Energy;;;;;;Renewables;Energy
78;0041230019f3679d60b2900af083d41d;eso instrument finds closest black hole earth;Space Exploration and Exploitation;Location: Europe;;;Europe;;;;
79;a45a49230bdb2742990e8430c0fdf11e;debit card helps carers shop others;Fintech and future of economy;Vertical: Finance, Vertical: Banking;;;;;;;Finance
80;48dab6a7fbadb10fad254ff62bdb261e;exer launches ai fitness coach mobile phone;Health Tech;Vertical: Fitness, Tech: Mobile app, Tech: Artificial Intelligence;;Mobile app;;;;;Fitness
81;8c883230725f8255e6c562e45c8793c8;existing drugs work covid ai screening thousands find;Health Tech;Vertical: Pharmacy, Tech: Artificial Intelligence;;Artificial Intelligence;;;;;Pharmacy
82;4a6e4596b70e7f1e8b0db3e8322ffcf4;planting crops grid pattern improves yields aides environment;High Tech Farming;Vertical: Agricolture;;;;;;;Agricolture
83;dafb6e2415e4604d62f557e65237855d;facebook autoscale decides ai inference runs phone cloud;Augmented Intelligence through ML and DL;Vertical: Energy, Tech: Artificial Intelligence;;Artificial Intelligence;;;;;Energy
84;a10cff72c4f5aea0c5fb5a3ece1aba36;facebooks ad serving algorithm discriminates gender race;AI Ethics and Unbiasing;Vertical: Advertising;;;;;;;Advertising
85;3e860ce834a2ba048af253f6eb4f011f;fda permits aidoc ai detect incidental findings associated covid;Augmented Intelligence through ML and DL;Tech: Artificial Intelligence;;Artificial Intelligence;;;;;
86;3be9998143cd69433fc3e77b4bf15c37;flash lidar enables driverless navigation;Future of Mobility;;;;;;;;
87;d7d3443162a138f3837153e75b0e3f8b;game changing blood test accurately detects alzheimer disease;Health Tech;Vertical: Advertising;;;;;;;Advertising
88;59682ae5330ffad755fafe80c3ce0e87;getting ahead next stage coronavirus crisis;New Normal after COVID-19;;;;;;;;
89;b7e0f9a8f2b6873c254deeb8873649e0;google employees lining trash googles ai ethics council;AI Ethics and Unbiasing;Tech: Artificial Intelligence;;Artificial Intelligence;;;;;
90;853d6d6bcd7bc777d53fceebb5e2986e;google pledges fight covid misinformation;Cyber Defense and Fight against Fakes;;;;;;;;
91;bc03325ecb18cc7a72bc413ba11a4282;googles ai learns navigate environments limited data;Road towards Artificial General Intelligence;;;;;;;;
92;42b85b3fceaf1a0ed0017793dbea52bd;gutermann unveils nb iot powered water leakage detection technology;Smart & Digital Water;;;;;;;;
93;8e04f3f8541447172cd6f6c99ca2a9cb;hands free door handle prevent spread coronavirus;Customer Experience and Human-centered Design;;;;;;;;
94;32f1d40e7a13b554575305ab8d873394;happy employees customer experience secret weapon;Customer Experience and Human-centered Design;Application: Customer Experience;;;;;;Customer Experience;
95;d1095791f3af6d2fa8f1c2cb7fbd6ef5;hayabusa reveals secrets ryugu;Space Exploration and Exploitation;;;;;;;;
96;ffd6efbb494a08c5b8f60df8514ca4d9;gatik turns right middle mile approach autonomy;Robotics and Human/Machine Hybridization;Application: Autonomous Vehicles;;;;;;Autonomous Vehicles;
97;36ee4d43e3a3ef66286259e94f4dd381;intel partners penn medicine develop brain tumor classifier federated learning;Health Tech;;;;;;;;
98;6b7e683e830b011a47ce81f484213028;barbie polaroid camera helping shelter place;New Normal after COVID-19;Tech: Cameras;;Cameras;;;;;
99;511d3a54480414f77ed9610b9d42230e;molecular alarm plants protects predators;Health Tech;;;;;;;;
100;8dde78b84adaf84c8b1960750c8f33b8;ai translated brain activity speech percent accuracy;Health Tech;;;;;;;;
101;c3da22036fbb12833f559e2b1efe0f72;real dog taught robot dog walk;Robotics and Human/Machine Hybridization;;;;;;;;
102;ce448f35eee40d276cf788efbe021569;artificial intelligence changing society;AI Ethics and Unbiasing;Tech: Artificial Intelligence;;Artificial Intelligence;;;;;
103;ee712e2c4f8bcfd077b00f13cd6d5651;artificial intelligence helping farmers babies developing;High Tech Farming;Tech: Artificial Intelligence;;Artificial Intelligence;;;;;
104;1152cf1c19aaa10414d048887874aae9;electronic arts shifts playbook digital esports events;Future of Gaming and Hyper Reality;Location: Chelsea, Company: ESPN, Application: E-Sports;;;Chelsea;ESPN;;E-Sports;
105;65d262a8c981a7bfb5a5c093895581b3;developers squeezing opportunity mobile gaming;Immersive and Augmented Enviromnents;Vertical: Advertising;;;;;;;Advertising
106;3805a178262b6ec0fa7c9cbf4739d2c1;private equity operating groups taking challenge coronavirus;New Normal after COVID-19;Location: Asia;;;Asia;;;;
107;cf40afe6899c5bb62760b6d9fbeaecda;keep zoom chats private secure;Privacy and Security by design;;;;;;;;
108;c332b7964f33b67c7fd908140c77d92c;restart national economies coronavirus crisis;New Normal after COVID-19;;;;;;;;
109;ce94e0f8014aac6a9d919681e71afc14;drone racing league launches flight simulator competition nbc;Future of Gaming and Hyper Reality;Tech: Drones;;Drones;;;;;
110;869b04736527758fcf499b2d55d29297;hacking plant life artificial photosynthesis takes leap forward;High Tech Farming;Vertical: Biology, Vertical: Energy;;;;;;;Biology
111;fe694b99324be02566ceaf9c4f5be616;walmart uses ai enable hour express delivery;Ecommerce and Digitalization of shops;Tech: Artificial Intelligence;;Artificial Intelligence;;;;;
112;a407222915326c6d747ee70d8abe5ecf;ibms ai classifies seizures accuracy eeg data;Health Tech;;;;;;;;
113;f66da5fe3a7a674956e92f982873b40f;youre thinking embracing ai jump;Road towards Artificial General Intelligence;Company: Baidu, Tech: Artificial Intelligence;;Artificial Intelligence;;Baidu;;;
114;b5fc29a184ccc9ddf4c79300690c98a4;india forcing people covid app unlike democracy;New Normal after COVID-19;Application: contact tracing, Tech: Mobile app;;Mobile app;;;;contact tracing;
115;7d17b02bc844edcbf74168ac018408ed;david brevik bill wang open game publisher skystone;Future of Gaming and Hyper Reality;;;;;;;;
116;a0dd5ac804485f5875a32995b9689169;intsights dark web wretched hive coronavirus scams pandemic cybercrime;AI Ethics and Unbiasing;;;;;;;;
117;106cf874503c2c82859981b90e8b23e3;hyundai aptiv redeploy autonomous vehicles deliver meals vulnerable people las vegas;Future of Mobility;Application: Autonomous Vehicles, Vertical: Food;;;;;;Autonomous Vehicles;Food
118;b36ba5381600de6f07d73f1c4f425da7;ironlights vr melee shenanigans launches april crossplay multiplayer;Immersive and Augmented Enviromnents;;;;;;;;
119;e92a5a53b857c1d4a81a6d701cdf5db9;digital learning still second best;Future of Education and Digital Learning;;;;;;;;
120;7b352554878d9fa0cd25f4c8301c772f;getting pregnant medically necessary right;Robotics and Human/Machine Hybridization;;;;;;;;
121;6b5272a2204d6dbfb30bddb91642a620;residential solar power worth free online tool tell;Decarbonization & Electrification & Smart Energy;Vertical: Energy;;;;;;;Energy
122;0e8459ea519f40f03587c58ededaf21b;qualcomm mediatek chase video game fans tweaked g chips;High Speed Networks;Location: China;;;China;;;;
123;6475d529033e5f261c0421a533c66820;tesla looking enter uk utility market;Future of Mobility;Application: Renewables, Vertical: Energy;;;;;;Renewables;Energy
124;15753c78753015e47eb78b990a9f5886;israeli startups urgently need government aid package prevent layoffs;New Normal after COVID-19;;;;;;;;
125;c06dae00ba873794b5e6ffef4bfdb1ae;italian airport leads europe adopting ar thermal scanning helmets;Immersive and Augmented Enviromnents;Tech: Cameras, Location: Europe, Vertical: Aviation, Tech: Augmented Reality;;Cameras;Europe;;;;Aviation
126;0c48a6400376413307b25278b1471cdc;itron secures contract louisville water company;Smart & Digital Water;;;;;;;;
127;19aec9d2a2325f4071f562d139e86dc0;kumbaya helps parents find virtual babysitting tutoring gigs teens;Immersive and Augmented Enviromnents;Vertical: Advertising, Tech: Mobile app, Vertical: Art;;Mobile app;;;;;Advertising
128;2982d6c47038c216cb1253c58c99c8c3;leading security mentality;Privacy and Security by design;Application: Cybersecurity;;;;;;Cybersecurity;
129;6d2782b7f104535d0217b59621fb3d4d;ubisoft announces e style showcase july;Future of Gaming and Hyper Reality;;;;;;;;
130;71a50c29dfce7f628ba47e15d998c089;luxury swiss watch fair goes digital covid lockdown;Ecommerce and Digitalization of shops;Location: China;;;China;;;;
131;85a0757898e2e4f7c0a7293ac99f30f0;lyft require drivers passengers wear face masks;New Normal after COVID-19;;;;;;;;
132;4e4802c45592ed61ba6df847abf4a808;machine learning making pesto delicious;High Tech Farming;Application: Data Science, Company: Bayer;;;;Bayer;;Data Science;
133;4e4802c45592ed61ba6df847abf4a808;machine learning making pesto delicious;AI Ethics and Unbiasing;Application: Data Science, Company: Bayer;;;;Bayer;;Data Science;
134;4e4802c45592ed61ba6df847abf4a808;ai researchers reconsider protesting involvement military projects;High Tech Farming;Tech: Artificial Intelligence;;Artificial Intelligence;;;;;
135;4e4802c45592ed61ba6df847abf4a808;ai researchers reconsider protesting involvement military projects;AI Ethics and Unbiasing;Tech: Artificial Intelligence;;Artificial Intelligence;;;;;
136;1eee94eaef952589631d53c39759e9c6;maintaining high speed connection playbook cable growth;High Speed Networks;;;;;;;;
137;181e5772b5e9b03ad9d60f4c3a57180f;twitter adds warnings tweets misleading covid information;Cyber Defense and Fight against Fakes;;;;;;;;
138;fc43c5fd8020008d531646c594548b0c;mercedes amg cla review luxury car loaded tech safety;Future of Mobility;Company: Mercedes;;;;Mercedes;;;
139;3171e3dc497e7695c1a8d19d5edaa9cc;microsoft backs printing startup nanofabrica;3D Printing and New Materials;;;;;;;;
140;06e6fadf2696d5b6fa95aa4414a9b605;microsoft claims ai framework spots fake news better state art baselines;Cyber Defense and Fight against Fakes;Vertical: Art;;;;;;;Art
141;8b51ad14206df4eeed5b75da91687be3;microsoft hires apple g chief develop hololens ai products;Workforce Transformation;Company: Apple;;;;Apple;;;
142;67c0792f2f5a2eb3eff6d62b27b41042;microsofts ai recommends lockdown strategies curb coronavirus;Road towards Artificial General Intelligence;;;;;;;;
143;66b4e59c9c3e38601f46551113f11400;miso robotics launches crowdfunding campaign autonomous kitchen robots;Robotics and Human/Machine Hybridization;Vertical: Food;;;;;;;Food
144;9030238c5b978ddd474add3c0d82f093;mixmode raises help fight ai driven cyberattacks;Cyber Defense and Fight against Fakes;Tech: Artificial Intelligence;;Artificial Intelligence;;;;;
145;83a54e995e234890c6b60002ac14f8e6;amazon launches cognitive search service kendra general availability;Augmented Intelligence through ML and DL;Tech: Cloud, Company: Amazon, Tech: Mobile app, Tech: Artificial Intelligence;;Cloud;;Amazon;;;
146;214d33f52278accfa65bf009bb04497d;european games bizdev gathering seeks keep deals money flowing pandemic;Future of Gaming and Hyper Reality;Location: Europe;;;Europe;;;;
147;83d7c569f12b76321fd00fab28799225;opportunity transform credit card;Fintech and future of economy;Vertical: Banking;;;;;;;Banking
148;b287c42e9785f653a0f035b6a0a6bc59;solar storage microgrid supply zero emission energy hawaiian transportation company;Decarbonization & Electrification & Smart Energy;Application: Renewables, Vertical: Energy;;;;;;Renewables;Energy
149;ad8cd8bc26e22c9d181a9327e60636de;niko partners china games expected top billion;Immersive and Augmented Enviromnents;Location: China, Application: E-Sports;;;China;;;E-Sports;
150;8291888af8a758baa267af9ece7a911d;summer going covid disappear;New Normal after COVID-19;;;;;;;;
151;384d95ecf8a2ab95e174443995f1b315;node raises help businesses without ai expertise launch projects;Augmented Intelligence through ML and DL;Application: Advanced Analytics, Application: Contact Center, Tech: Artificial Intelligence;;Artificial Intelligence;;;;Advanced Analytics;
152;6bed2ed29fb43e18f87e26b68380e9eb;touch delivery platform protects spreading viruses;Ecommerce and Digitalization of shops;Tech: Mobile app;;Mobile app;;;;;
153;a5c09dd7e38df33edf09c7218c44b7d9;ionq ceo peter chapman quantum computing change future ai;Road towards Artificial General Intelligence;Tech: Artificial Intelligence;;Artificial Intelligence;;;;;
154;834fbd83ecd8e283b6a73010df3e9117;nuro gets green light test driverless delivery robots california;Future of Mobility;Application: Driverless Vehicles, Tech: Robotics, Location: San Francisco, Location: California, Application: Goods Delivery;;Robotics;San Francisco;;;Driverless Vehicles;
155;8610750a482b190e69b6a5d815b9375f;nuro obtains dmv permit test driverless delivery vehicles san francisco bay area;Future of Mobility;Application: Autonomous Vehicles, Application: Driverless Vehicles, Location: San Francisco, Location: California, Application: Goods Delivery;;;San Francisco;;;Autonomous Vehicles;
156;8cb00f946a24f852f786485a457fc3a8;potentially track covid sewage surveillance;Privacy and Security by design;;;;;;;;
157;d62038716a52e8f2141475d3fe2954e4;oppo claims worlds phones g vonr video voice calling;High Speed Networks;;;;;;;;
158;010ce8162408ed1d3d3dab7b9a852736;optimizing engineering life cycle requires digital transformation;Immersive and Augmented Enviromnents;Vertical: Automotive;;;;;;;Automotive
159;92257366bbaafca31509f870f1d61be8;orbis intelligent signs distribution agreement aquip;Smart & Digital Water;;;;;;;;
160;3f74c0b1838a3925c4fe30ab72cb2081;waltz wizard movement works oculus quest hand tracking;Immersive and Augmented Enviromnents;Company: Facebook;;;;Facebook;;;
161;e6cc4ab713a8fe69f64f006c6a20b680;people already becoming active covid retreats;New Normal after COVID-19;;;;;;;;
162;5b8e5948a71d63f698562203fb9e743e;people phones help better decisions easing social distancing;New Normal after COVID-19;;;;;;;;
163;5d1bc3bb303e8f80391489b304283930;physicists crashing matter antimatter hunt boson;3D Printing and New Materials;;;;;;;;
164;3ec54efd06d1bcff72f4bb5dadcd44ad;physicists discover trick stabilize fusion reactors;3D Printing and New Materials;Vertical: Energy;;;;;;;Energy
165;73acdb1c60ae5dd7917c813ba14ce201;plane launched rocket opens space small satellites;Space Exploration and Exploitation;;;;;;;;
166;1df1dacbd88ad7dadccecbd3e36e6a55;supernatural month subscription worth vr fitness;Immersive and Augmented Enviromnents;Vertical: Fitness;;;;;;;Fitness
167;a0a43733a2bc7eb368bb8967719a8bff;playing win oncology key capabilities success;Health Tech;Vertical: Biology, Vertical: Health & Medicine;;;;;;;Biology
168;e989f5f697f70a2e29fb889768fe3ac3;precision aeroponics provide soilless solution maximises harvests;High Tech Farming;;;;;;;;
169;0f51918fb2c68cc5ea86348e0ea8f5d0;privitar raises let big data without compromising privacy;Privacy and Security by design;;;;;;;;
170;d707d1d5310c1151cc2cd04b1931c234;volvo add lidar eyes road self driving cars highways;Future of Mobility;Application: Autonomous Vehicles;;;;;;Autonomous Vehicles;
171;3332481e5d0822621dd1b1381ac7fd20;quantum materials become basis ai hardware;3D Printing and New Materials;Tech: Artificial Intelligence;;Artificial Intelligence;;;;;
172;2f087a0a13d2dfdc74060da64f0a45d2;returning resilience impact covid mental health substance;New Normal after COVID-19;;;;;;;;
173;662916b9c33b45aab2df2c8ae2f1e775;robotic g car id faces check fevers deliveries;High Speed Networks;Location: China, Location: Beijing;;;China;;;;
174;b729286e70927a16822d7b0eade94a54;robots rescue help coronavirus future pandemics;Robotics and Human/Machine Hybridization;;;;;;;;
175;f98d1bc9eccbd18e9e770c29e10944f1;rogue games raises expand indie game publishing;Immersive and Augmented Enviromnents;;;;;;;;
176;02783899e72f373f5fa8b56cb84b7d1a;rpa helping health governments respond coronavirus;Digital Transformation and Automatization of Processes;;;;;;;;
177;297c1ec6cd3651a5b699831393cc224e;learn sustainable travel past innovations;Circular Economy Sustainability and Zero Impact Economy;Vertical: Aviation;;;;;;;Aviation
178;98178e03f9c0b816f072343c33cfba6a;scaling impact advanced analytics iberian insurance;Data Exploration and Analysis;Application: Analytics;;;;;;Analytics;
179;612c51e1e81831ca923fe5a71a153942;task force charged brainstorm better post covid mit;Future of Education and Digital Learning;;;;;;;;
180;45efe1ee1457efdae08ca209f681b83e;scientists discover toxic plastic eating bacterium;3D Printing and New Materials;Vertical: Food;;;;;;;Food
181;27358f3f885cd7f95643e8949a141198;scientists engineered neurons electrically conductive materials;3D Printing and New Materials;;;;;;;;
182;b5dc7bd1b563051c5334d2f54bf78659;scientists plot cells map full mouse brain;Health Tech;Company: Allen Institute , Vertical: Research;;;;Allen Institute;;;Research
183;9dabe926b2249f063d7c4a65f9ebfd60;shippo raises shipping packages easier ecommerce;Ecommerce and Digitalization of shops;Application: E-Commerce;;;;;;E-Commerce;
184;8256eeac1e7621e7aba9358e7a359648;siltbuster provides water treatment solution welsh water project;Smart & Digital Water;Company: Bentley;;;;Bentley;;;
185;24f64a213cd3c8fc592083e9df89d502;sine wave entertainment launches breakroom social hub remote teams vr pc mobile devices;Workforce Transformation;;;;;;;;
186;8d97f6dd490d40f85ac11d7765df14cf;skyy vodka promotes inclusive lgbtq specific ad buying platform;Digital Transformation and Automatization of Processes;Vertical: Advertising;;;;;;;Advertising
187;c1b536ef80b6e7789400e4424c241848;makeup artist creates diy manicure kit salon quality nails home;New Normal after COVID-19;Vertical: Art;;;;;;;Art
188;31a0242461bae836dd4557bab17bfcca;smartphone set allows orthodontists treat patients remotely;Health Tech;;;;;;;;
189;692bb294757b13f4a22cbec4556b34d6;sony shows research next gen finger tracked vr controllers;Immersive and Augmented Enviromnents;;;;;;;;
190;c5065018c3015369a5e0d17e645da7d3;sourceday raises ai predicts delivery risk;Ecommerce and Digitalization of shops;;;;;;;;
191;b593fc6ee67fc3936b39b298fc11f2fd;square launches online checkout take paypal;Ecommerce and Digitalization of shops;Vertical: Fitness;;;;;;;Fitness
192;6eed7ddc95efbe56541258ec68925a7c;stanford researchers propose ai home monitor coronavirus symptoms;Sensors and Smart Things;Tech: Edge AI, Tech: Artificial Intelligence;;Edge AI;;;;;
193;f0eeacbd1de778e92fd44efeadad9ec7;stanford scientist warns risk alien pathogens;Space Exploration and Exploitation;;;;;;;;
194;8f67303376ab4c59b0df0dfecd6f33ee;sunco capital starts construction mw solar pv plants spain;Decarbonization & Electrification & Smart Energy;Application: Renewables, Vertical: Energy;;;;;;Renewables;Energy
195;3cb4e957a7a0715b74c5088d542d9079;sustainable architects designers collaborate net zero homes;Sensors and Smart Things;Vertical: Energy;;;;;;;Energy
196;640422a88126da7da348ea2e28a54b62;swarm puts spider man style swinging vr arcade shooter;Immersive and Augmented Enviromnents;;;;;;;;
197;8b86249059bca053bfe7592df0af4563;tenstorrent reveals grayskull accelerates ai model training;Road towards Artificial General Intelligence;Company: AMD, Tech: Data Center, Tech: Artificial Intelligence;;Data Center;;AMD;;;
198;e05d94e103e5f2602b0554e1f0761fae;teri maithri partner generate drinking water air moisture;Smart & Digital Water;Tech: Air Water;;Air Water;;;;;
199;1ea1c56663dd50d05097c4e0509399b9;trace plastic reduces marine pollution ghost fishing;Circular Economy Sustainability and Zero Impact Economy;Vertical: Biology;;;;;;;Biology
200;5738d31def976a160ffe36f32446717f;animal ai olympics going treat ai lab rat;AI Ethics and Unbiasing;Vertical: Sports, Tech: Artificial Intelligence;;Artificial Intelligence;;;;;Sports
201;60ea8b4f22fe2b9c334c5bba768666a3;coronavirus killing gig economy;New Normal after COVID-19;;;;;;;;
202;234aaaa1825d0942e02fc1f8de1ce97e;cybersecurity posture financial services iif mckinsey cyber resilience survey;Cyber Defense and Fight against Fakes;Application: Cybersecurity, Vertical: Finance;;;;;;Cybersecurity;Finance
203;eb013cd9d2bc7d28d17ccbd7748aad7a;deanbeat trust someone never met person;Immersive and Augmented Enviromnents;;;;;;;;
204;14b53cc960e4c12759a3330e13f13340;logitech sales rise remote working drives demand pc peripherals;Future of Gaming and Hyper Reality;;;;;;;;
205;738de498668297a17696dff0e1324103;power plant future right home;Decarbonization & Electrification & Smart Energy;Vertical: Energy, Tech: Batteries;;Batteries;;;;;Energy
206;572fdccc121edf73936eaa1d03ef643c;reality covid hitting teens especially hard;New Normal after COVID-19;;;;;;;;
207;32953f9b3a55cfa4e996f84fd0298830;three challenges keeping cars fully autonomous;Future of Mobility;Vertical: Automotive, Application: Driverless Vehicles;;;;;;Driverless Vehicles;Automotive
208;4e7ccc54913bac46466ada2055835c6e;top ai startups theyre working;Augmented Intelligence through ML and DL;Application: Deep Fakes, Application: Cybersecurity, Tech: Artificial Intelligence;;Artificial Intelligence;;;;Deep Fakes;
209;5849c5a47b6fadc78422a49f9560046e;idea manage testing data collecting;Data Exploration and Analysis;;;;;;;;
210;3d84ad7d9369bd7e5e7e5464c31676dd;worlds cyborgs humanitys next evolutionary phase;Robotics and Human/Machine Hybridization;;;;;;;;
211;1e87a3c58026a16854b1aacc2c2bcb99;hydrogen breathing aliens study suggests approach finding extraterrestrial life;Space Exploration and Exploitation;;;;;;;;
212;55293a00a5aeca34a91b8bc7433e26b6;chip demoed jeff bezoss secretive tech conference key future ai;Augmented Intelligence through ML and DL;Tech: Deep Learning, Tech: Artificial Intelligence;;Deep Learning;;;;;
213;57b1a179453da585c50622d694ad9c24;natwest launches video game children;Future of Gaming and Hyper Reality;;;;;;;;
214;766ca63c67f3a57f5e0e18148e6f804f;map shows global spread zero day hacking techniques;Cyber Defense and Fight against Fakes;Location: Arab Emirates, Location: China;;;Arab Emirates;;;;
215;58e13f7ab4b66aa9bfad65a495ca976a;apple ii ai driven robot arms;Robotics and Human/Machine Hybridization;Company: Apple, Location: Berkeley, Tech: Artificial Intelligence;;Artificial Intelligence;Berkeley;Apple;;;
216;6669f53346cc7ab6a2d26bfd6be0c3f7;robot sort recycling giving squeeze;Digital Transformation and Automatization of Processes;;;;;;;;
217;307aa0480d2d983f35e1ea760e430379;startup selling thermal imaging glasses virus detection;Health Tech;;;;;;;;
218;511e76db13d9208144bc870861d1523f;end pandemic give universal testing green light;New Normal after COVID-19;Vertical: Health & Medicine;;;;;;;Health & Medicine
219;1f20689fbe4d1895fd59c39e5d0acaff;ai startup deep labs scores;Augmented Intelligence through ML and DL;;;;;;;;
220;4cfe6a13c8d93b685e661ab4829d9cff;turns traffic spreads coronavirus;Future of Mobility;;;;;;;;
221;40ec805775277af29fba2da053442ba6;strong base client lifecycle management kyc allows banks adapt changes;Fintech and future of economy;Vertical: Banking;;;;;;;Banking
222;c9a984f821aa316a06ba235ffc527914;temasek paradigm slow ventures join libra association;Blockchain and Cryptocurrencies;Tech: Blockchain, Application: Digitalization;;Blockchain;;;;Digitalization;
223;21140f2d9768732525dec7a6cabe7946;rival ai approaches combine let machines learn child;Road towards Artificial General Intelligence;Tech: Artificial Intelligence;;Artificial Intelligence;;;;;
224;1187897d13d91ddd67b5abe22153e37b;tyto care raises grow telehealth examination diagnostic platform;Health Tech;;;;;;;;
225;3a5052b646394c8ecaa71e88d010be6c;u k debunks g coronavirus link conspiracy theorists burn cell tower;High Speed Networks;Location: Africa;;;Africa;;;;
226;f9137c719c93a489f21aef0afee131b9;u government memo zoom taking security concerns seriously;Privacy and Security by design;Application: Cybersecurity;;;;;;Cybersecurity;
227;0f31ddf0af93b3cd6c4f099667d12aff;uber eats businesses launches globally amid remote working surge;Ecommerce and Digitalization of shops;Vertical: Food, Application: Goods Delivery;;;;;;Goods Delivery;Food
228;9565fbcb9b4c816b6fd67ec4115ede8b;blockchain technology used protect researchers working together pandemic;Blockchain and Cryptocurrencies;Tech: Blockchain;;Blockchain;;;;;
229;e146f2a258a035f8574aa266dcbaccdf;unlocking power expert analytics;Data Exploration and Analysis;;;;;;;;
230;c5b9c4f8d51af6bcc896be6cce3e977c;vector institute ai makes predictions random events market trades;Fintech and future of economy;;;;;;;;
231;124413fcef03e2f9e7cb2bc5ecea5664;vinsa build visual ai workflows boston dynamics spot quadruped robot;Augmented Intelligence through ML and DL;Company: Boston Dynamics, Location: Boston, Tech: Artificial Intelligence;;Artificial Intelligence;Boston;Boston Dynamics;;;
232;eae61967868b25d8dbfe79d01bfbc097;virtual augmented reality investment levels quarter;Immersive and Augmented Enviromnents;Tech: Augmented Reality;;Augmented Reality;;;;;
233;2ba2b9fa7ddb63a10518e789739a7030;virtual club keeps people dancing lockdown;Immersive and Augmented Enviromnents;Location: Berlin, Vertical: M&A;;;Berlin;;;;M&A
234;a8cfa93f40ebf8aac25186d6c89a22dd;volkswagen made disinfection stations parts found factory canteens;Future of Mobility;Vertical: Automotive;;;;;;;Automotive
235;1dc1771b6e4b8a36f3f0a535f151f388;future money post pandemic citibank;Fintech and future of economy;Application: Cryptocurrencies;;;;;;Cryptocurrencies;
236;9f8ff472813f6709dbbaef70dd617811;nordea nasdaq join forces sustainability footprint investments visible;Circular Economy Sustainability and Zero Impact Economy;;;;;;;;
237;e56b22c0d4c8de85dc8aec8645424e08;waste processing solution decomposes kind solid waste carbon;Circular Economy Sustainability and Zero Impact Economy;Vertical: Agricolture;;;;;;;Agricolture
238;36f686ddec29a28aa61070fe54c25c5c;waymo resumes limited autonomous driving testing phoenix step back normalcy;Future of Mobility;;;;;;;;
239;0532b41b0cbefcded193060e98af825b;weight estimating software helps design urban air taxis;Future of Mobility;;;;;;;;
240;66982f97a61417942f1847a086b17e17;learn self care past health innovations;Digital Transformation and Automatization of Processes;Tech: Mobile app;;Mobile app;;;;;
241;c0546da363ae1e5497e95da6731504ce;life mars millions getting taste;Digital Transformation and Automatization of Processes;;;;;;;;
242;7a529e1268dec1f18f49f55974f09b20;matter particles come threes;3D Printing and New Materials;;;;;;;;
243;410d9364490f62a4be6fab62f59a6a29;tv handle xbox series x games run fps;Future of Gaming and Hyper Reality;;;;;;;;
244;57260edeb5bb9bcda8a561286e02d18e;winning local covid war;New Normal after COVID-19;;;;;;;;
245;f598748387a63898c3c76f8f7b948aec;working home productive workiz ceo;Rapid Urbanization and Smart Cities;;;;;;;;
246;e9ab8fd759a41d7905a0a8ecb62e0680;workjam raises help engage frontline workers;Workforce Transformation;;;;;;;;
247;cf3c2eaaa01fd102de85e8f18b5e10e8;youcam makeup providing free ar tech brands covid outbreak;Augmented Intelligence through ML and DL;Tech: Mobile app, Tech: Augmented Reality;;Mobile app;;;;;
248;d7d0d57b1b02baacbae04591e3aa86c2;zago manufacturing increases capacity automated night shifts;Workforce Transformation;;;;;;;;
249;b704d914c6bfe6e3835d1c08ceeae536;data demand dynamic architecture high speed age;High Speed Networks;Application: Analytics;;;;;;Analytics;
250;557d2c344492892e7f1201aa60f16ccb;health need radical change virtual care lead;Immersive and Augmented Enviromnents;;;;;;;;
251;42f4e504ff8b2ad799107c969a182b5b;coronavirus lockdown making internet stronger ever;Cyber Defense and Fight against Fakes;Tech: Data Center;;Data Center;;;;;
252;0fb94ee9d72821a23bf506ca423a2b8b;cios uniquely poised lead digital transformation;Digital Transformation and Automatization of Processes;;;;;;;;
253;a79b762817d98730c87572f385b59b29;zoom facing questions private secure really;Privacy and Security by design;;;;;;;;
254;151991ea6a5330ae50f250a9d543ad6a;smartphone innovation third decade st century;High Speed Networks;Tech: Cameras;;Cameras;;;;;
255;f061b8f829ea8d3aa8ea2ae0db628f9b;find coronavirus vaccine faster deliberately infect thousands people;New Normal after COVID-19;;;;;;;;
256;4f3cc238e28251e4fd6c1de8610e81bc;safer smarter future working remotely energy materials;Workforce Transformation;Vertical: Energy;;;;;;;Energy
257;787212ae036efd76b831788e30b13d09;consumer sentiment evolves next normal approaches;New Normal after COVID-19;Location: China, Location: Brazil;;;China;;;;
258;1b18abfec87ed11a98e06f7c7bdceef2;taking ownership sustainable future;Circular Economy Sustainability and Zero Impact Economy;Vertical: Energy;;;;;;;Energy
259;d0c82f984a55cd6babb737c406586e0c;agriculture supply chain optimization value creation;High Tech Farming;Vertical: Agricolture, Application: Advanced Analytics, Tech: Digital Twin, Vertical: Supply Chain, Application: Analytics;;Digital Twin;;;;Advanced Analytics;Agricolture
260;266f38a9a694ba9c56a4a93e940690f5;era industrial r japan;Workforce Transformation;;;;;;;;
261;b38d49b926fa65f72bed0b2c945928ef;need rethink purpose ai conversation stuart russell;Road towards Artificial General Intelligence;Tech: Artificial Intelligence;;Artificial Intelligence;;;;;
262;05627273868097bb06003163e8e423ba;technology safeguarding health livelihoods asia;New Normal after COVID-19;Tech: Mobile app, Location: Asia;;Mobile app;Asia;;;;
263;3b314cda2ffa32a4d2238a5bcaef6414;pharma operations path recovery next normal;New Normal after COVID-19;;;;;;;;
264;b44954ab9b297bee2320de45f7c2232c;build st century learning thrive radically different;New Normal after COVID-19;;;;;;;;
265;553a4c0e8ba5f76bb1a7818734b2bf2c;jump starting resilient reimagined operations;New Normal after COVID-19;;;;;;;;
266;9bc88d98643d7b1a2a6f40bdfc043a17;dathena raises ai monitors classifies sensitive enterprise data;Cyber Defense and Fight against Fakes;Application: Advanced Analytics;;;;;;Advanced Analytics;
267;8f437aaed2744ce7350ec8b78e390ded;coronavirus g devices coming networks ready;High Speed Networks;Location: China;;;China;;;;
268;350b08dd0fba079ab16f812b59689570;uber rolls ai verify drivers wearing face masks;New Normal after COVID-19;Application: Computer Vision, Tech: Artificial Intelligence;;Artificial Intelligence;;;;Computer Vision;
269;c5ee3eb72096c9447d1141819c04af9b;fortnite launch next generation consoles unreal engine migrate ue;Future of Gaming and Hyper Reality;Company: Fortnite, Company: Epic Games;;;;Fortnite;;;
270;21225d236cf7a7a12e822e508e9e28d1;autonomous vehicle resume public testing others express caution;Future of Mobility;Application: Autonomous Vehicles, Company: Baidu;;;;Baidu;;Autonomous Vehicles;
271;43a8335ad23d74c825fa1ab9c0894f0e;capitalg leads investment managed cybersecurity provider expel;Cyber Defense and Fight against Fakes;Application: Cybersecurity;;;;;;Cybersecurity;
272;4fc47c2e73018748bc2bcc5680c3d0b4;spatial gives enterprises free access holographic ar vr meeting app;Immersive and Augmented Enviromnents;Tech: Virtual Reality, Tech: Augmented Reality;;Virtual Reality;;;;;
273;c7219e1915c95cc749e8280cbb1ffdeb;rpa startup fortressiq raises;Digital Transformation and Automatization of Processes;Application: Computer Vision, Tech: Artificial Intelligence;;Artificial Intelligence;;;;Computer Vision;
274;3662f574f941685f7ed07f4010817387;altr raises broaden data security service;Privacy and Security by design;Application: Data Science, Tech: Blockchain, Location: Austin;;Blockchain;Austin;;;Data Science;
275;8c8a6307dffae7acca6af4e86a9fc56c;vanmoof raises electric bikes cities reclaim roads cars;Future of Mobility;;;;;;;;
276;47d9b748d7a413baaa2bcc0c6107eab1;slice raises help pizzerias go online;Ecommerce and Digitalization of shops;;;;;;;;
277;2f2b3fa2049ba6d770b4d399dc47d167;uber open sources automated design framework experiments;Augmented Intelligence through ML and DL;Tech: Artificial Intelligence;;Artificial Intelligence;;;;;
278;7a556ff1c0afbb416c254d12035dad0f;beware lofty promises covid tracker apps;New Normal after COVID-19;Tech: Mobile app;;Mobile app;;;;;
279;2cd138bc5e0941021541d189f2c96c03;nasa certifies spacecraft safe enough humans;Space Exploration and Exploitation;;;;;;;;
280;ab3f0c2f8dfbe5964e08f09427b8619a;spatials vr meeting rooms open everyone;Workforce Transformation;;;;;;;;
281;b4121b6a233ceb22cd5b41b119d3a578;sygnum bank adds xrp currency portfolio;Fintech and future of economy;Application: Cryptocurrencies, Tech: Blockchain, Application: Digitalization, Vertical: Banking;;Blockchain;;;;Cryptocurrencies;Banking
282;6fbd9a236bc57858f3880af150cc0b7d;future hold hybrid multi cloud future;Digital Transformation and Automatization of Processes;Vertical: Banking;;;;;;;Banking
283;179c001785e75b86d0efbadf5c6130f1;machine learning helps combating financial fraud;Cyber Defense and Fight against Fakes;Vertical: Finance, Vertical: Banking;;;;;;;Finance
284;c5bf12f55a20b87fc53af74dce0cfa86;projector far much fun car tech;Future of Mobility;Application: Autonomous Vehicles;;;;;;Autonomous Vehicles;
285;be4fd05b65f688cd3ae1739727b4118c;fs workers want employers help work home;Workforce Transformation;;;;;;;;
286;6b1343333f374c0d8acb10957d3cecd9;bbva imdea software institute partner research advanced cryptographic techniques;Cyber Defense and Fight against Fakes;Vertical: Finance;;;;;;;Finance
287;359217e062aa9efa4bb36b0b2afb1d64;covid highlights need automation shareholding disclosure;Digital Transformation and Automatization of Processes;;;;;;;;
288;aa16a34794a44fa8d807c6954e3c58b3;bosch unveils smart virtual sun visor cars tech show;Sensors and Smart Things;Company: Bosch;;;;Bosch;;;
289;32c9df3569752f32ccb52d3903f2dda3;predictions recovery stage post pandemic;New Normal after COVID-19;;;;;;;;
290;407994148eea9608bfee2af526b5ffa5;caixabank launches mentoring platform female entrepreneurs challenged coronavirus;New Normal after COVID-19;Location: Spain, Company: Caixabank;;;Spain;Caixabank;;;
291;5bfe9fe1ff45bc9ebe8879aca49eb68c;material data accounting sustainability reporting;Circular Economy Sustainability and Zero Impact Economy;Application: Advanced Analytics;;;;;;Advanced Analytics;
292;378020878fa8f2c9de8316dba6453f75;airlines chart path zero carbon flying;Circular Economy Sustainability and Zero Impact Economy;Vertical: Aviation;;;;;;;Aviation
293;1fb36b23f283c3f8ee730d147c4f7b79;next credit card debt;Fintech and future of economy;;;;;;;;
294;5b9d2e2e1a5a122475029cd89fa1b27c;covid implications life sciences r recovery next normal;New Normal after COVID-19;Vertical: Health & Medicine;;;;;;;Health & Medicine
295;2cca3f140e27a878b82b60e45ad4de4a;sales automation key boosting revenue reducing costs;Digital Transformation and Automatization of Processes;;;;;;;;
296;1ad4f4f0d3cebbbf5f2241d0e6f8b169;billion people really live temperatures hot sahara;Circular Economy Sustainability and Zero Impact Economy;Vertical: Food, Location: Africa;;;Africa;;;;Food
297;256d098c13a412e483fdca37702a4c11;safe paths privacy approach contact tracing;Privacy and Security by design;Application: contact tracing;;;;;;contact tracing;
298;0b95fa37c15f65a1441c065993b77ef5;las vegas excavation gives meaning tunnel vision;Future of Mobility;Company: Boring Corporation;;;;Boring Corporation;;;
299;5b351e48973455c90133ee1836dcd43b;honda self driving concept offers modes;Future of Mobility;Vertical: Automotive;;;;;;;Automotive
300;1fefc691cabc952c0d563c40fe8fc83b;engineers show autonomous drifting delorean improve driver safety;Future of Mobility;;;;;;;;
301;078ba0cacbba6dca1e860804da8756b0;electric cars better climate;Future of Mobility;;;;;;;;
302;50c7455da339cc189e827793df3f1890;car audio pose greater dangers texting pot;Future of Mobility;Tech: Mobile app;;Mobile app;;;;;
303;c80db19e7214f2611efc60b412f612ce;putting price protection importance cyber insurance;Cyber Defense and Fight against Fakes;Application: Cybersecurity;;;;;;Cybersecurity;
304;bcae9a8525d7a974f9ac0c85e9c229a6;tesla cars automatically stop traffic lights;Future of Mobility;Application: Autonomous Vehicles, Location: Florida;;;Florida;;;Autonomous Vehicles;
305;40df3ec82b4495dff050121f8a66cedb;research exposes security risk e scooters riders;Future of Mobility;Application: Cybersecurity;;;;;;Cybersecurity;
306;a26881eec636bd733a607b58f88b24c3;insecure encryption configurations compromise security hyundai toyota kia vehicles;Future of Mobility;;;;;;;;
307;cf4a502cbc3be4bf184002d5db67ac81;reif leads second town hall discuss plans continuity reopening campus;Future of Education and Digital Learning;Vertical: University;;;;;;;University
308;ec9cced15cf6149cbd331a5375fe8b17;c mobile robot geek features greater reach cargo capacity;Robotics and Human/Machine Hybridization;Application: Autonomous Vehicles;;;;;;Autonomous Vehicles;
309;06c05dfb498a820a2f0238c83d589c49;demand webinar big data empowering banks drive customer centricity;Customer Experience and Human-centered Design;Tech: Big Data, Application: Customer Experience, Vertical: Banking;;Big Data;;;;Customer Experience;Banking
310;dd111460966211e5d140d2438ee65612;lofty promises autonomous cars unfulfilled;Future of Mobility;Vertical: Automotive;;;;;;;Automotive
311;3f02ee96b6d71fdf79b02094c8f2e206;goodyears biodegradable concept tire regenerates tread;Future of Mobility;;;;;;;;
312;33297f6270e88dd5964840453c540c55;improving pavement networks predicting future;Future of Mobility;Tag: Future;Future;;;;;;
313;1bb6b62fc9a95bdc1d58d33f753e2f08;bank service future banks fintech startups;Fintech and future of economy;Vertical: Fintech, Vertical: Finance, Vertical: Banking;;;;;;;Fintech
314;770cca4dd53c4476818b1295db7c596d;thecityuk calls overhaul fintech regulations;Fintech and future of economy;Vertical: Fintech;;;;;;;Fintech
315;805d27f19ab8dab90a656c8ba74560af;stripe rewriting card issuing business;Fintech and future of economy;;;;;;;;
316;59323961c19a3669082f71374b88169a;visa boasts fintech fast track success;Fintech and future of economy;Application: Cryptocurrencies, Vertical: Fintech;;;;;;Cryptocurrencies;Fintech
317;a1a55bf0e843443920ea9bdad359771e;covid driver era credit risk rating;Fintech and future of economy;Vertical: Finance, Vertical: Banking;;;;;;;Finance
318;4e2eba0204b22edc7a595e700eaa978d;robot report issue autonomous mobile robots;Robotics and Human/Machine Hybridization;Application: Autonomous Vehicles;;;;;;Autonomous Vehicles;
319;47343daec705fd6d4ff4c570d1e043aa;mastercard open israeli fintech cyber innovation lab;Fintech and future of economy;Vertical: Fintech, Vertical: Finance;;;;;;;Fintech
320;0bb7131cb72d8c32daab146316ff7527;diebold nixdorf hit ransomware attack;Cyber Defense and Fight against Fakes;;;;;;;;
321;cad8439052150cc0cb779feaa0a2a50d;anna raises european expansion;Fintech and future of economy;Vertical: Finance, Vertical: M&A, Application: Personal Assistant, Location: Europe, Location:  Amsterdam;;;Europe;;;Personal Assistant;Finance
322;412bba219a0cd9cd4b069248f8f4fbdb;workvivo raises reinvent intranet age slack zoom;Workforce Transformation;Company: Facebook;;;;Facebook;;;
323;a406642f4245313e6ec7dcee12fd3952;mas amtd set fintech solidarity grant;Fintech and future of economy;Vertical: Fintech, Vertical: Finance;;;;;;;Fintech
324;7ea0695584b9649cfd6ede433ca0e354;nortonlifelock botsight tool uses ai spot fake twitter accounts;Cyber Defense and Fight against Fakes;;;;;;;;
325;73d7e2299c70f056be83511983d1935b;blockchain valley ventures launches virtual deal marketplace startup funding;Blockchain and Cryptocurrencies;Tech: Blockchain;;Blockchain;;;;;
326;c0cac8d34062fc82a7c109b71a72e80b;gamers powered super fast internet abroad;Future of Gaming and Hyper Reality;;;;;;;;
327;3da78b85ee0d669e811f10ac213a5a75;secret space plane carrying solar experiment orbit;Space Exploration and Exploitation;Vertical: Energy;;;;;;;Energy
328;1f218786ba7dd2566b007cca120a01b8;traitify raises assess job candidates personalities ai;Workforce Transformation;;;;;;;;
329;b1260da27d3ab049672387bea2caf455;researchers apply privacy preserving ai large scale genomic studies;Health Tech;;;;;;;;
330;c3867e2ca29ffade71f104301bf2a743;facebook afraid checking facts;Cyber Defense and Fight against Fakes;Vertical: University, Company: Facebook;;;;Facebook;;;University
331;5fe7648973073792b1869fa8ad5a321e;nvidia launches clara guardian power smart hospitals surveillance sensors edge ai;Health Tech;Tech: Edge AI;;Edge AI;;;;;
332;eff038939fdc5cb661dda3624e1f7487;resolution games sets table vr game cook sandwich tale;Immersive and Augmented Enviromnents;;;;;;;;
333;ba0785cd3489a0660ead8f858ca30518;nvidia ceo jensen huang merlin power important ai model;Augmented Intelligence through ML and DL;Application: Natural Language Processing, Tech: Artificial Intelligence;;Artificial Intelligence;;;;Natural Language Processing;
334;a51b513dbe4ce47d12617c6f4c7138c7;loansnap raises ai matches borrowers loans mortgages;Fintech and future of economy;Vertical: Finance, Tech: Artificial Intelligence;;Artificial Intelligence;;;;;Finance
335;1a13d890b3a09c26e87dadb1e7449b63;nvidia launches early access omniverse computer graphics simulation platform;Immersive and Augmented Enviromnents;;;;;;;;
336;19c7affcac081fc5a657e6dc63ff4666;nvidia unveils monstrous ai chip billion transistors petaflops performance;Augmented Intelligence through ML and DL;Tech: Data Center, Tech: Artificial Intelligence;;Data Center;;;;;
337;f182a97aa488d70267a9f3da259a58dc;intel pledges net positive water green power zero waste landfill;Circular Economy Sustainability and Zero Impact Economy;;;;;;;;
338;50fd52c3539ac94dca174c2cf647fe29;clear labs raises expand automated food safety platform covid testing;Circular Economy Sustainability and Zero Impact Economy;Vertical: Food;;;;;;;Food
339;9d3d71da7640282e1e4a788a1dd361a3;pandemic means publishers;End of Privacy Concerns and Rise of Personal Advertising;Vertical: Advertising, Vertical: M&A;;;;;;;Advertising
340;1fd09cedae22b1eac745a343d7d4315c;prison architect launches island bound expansion june;Future of Gaming and Hyper Reality;;;;;;;;
341;325311ac83b2332eeff600f385324f0b;waymo ai uses vectors predict pedestrian cyclist driver behavior;Future of Mobility;Tech: Deep Learning;;Deep Learning;;;;;
342;9cdf722633c69ae4d3715b78ff840965;blockchain service smes great opportunities;Blockchain and Cryptocurrencies;Company: Microsoft, Tech: Cloud, Company: Amazon, Tech: Blockchain;;Cloud;;Microsoft;;;
343;91a123f9436e31f3f20f687c2d8feae6;home people bring offline passions online youtube;New Normal after COVID-19;Vertical: Art;;;;;;;Art
344;be4e84cfeed262d979363388179f5822;agile future digital finance europe;Fintech and future of economy;Application: Digital Payments, Vertical: Fintech, Location: Europe, Vertical: Finance;;;Europe;;;Digital Payments;Fintech
345;54bd92bf9bbdf5207308a0dd64afd450;bequant launches prime brokerage institutional crypto assets;Fintech and future of economy;Application: Digitalization;;;;;;Digitalization;
346;92069abae6b7181817da5d07f1e74815;jason ku reflects mit student researcher lecturer;Future of Education and Digital Learning;;;;;;;;
347;e89f88e81ea9d24a4e3cdbc569a71229;researchers rebuild bridge neuroscience artificial intelligence;Road towards Artificial General Intelligence;Tech: Artificial Intelligence;;Artificial Intelligence;;;;;
348;59985683cb4bf7db790764854e96d93c;cuts energy required training running neural networks;Augmented Intelligence through ML and DL;Tech: Artificial Intelligence;;Artificial Intelligence;;;;;
349;a77fbd2d17ecb8a9c483d77049fd8ccc;fintech service going global;Fintech and future of economy;Vertical: Fintech, Location: Berlin;;;Berlin;;;;Fintech
350;3ff1ee7d2f471ba70a542bf4ab1028f8;ai enables teachers rapidly develop intelligent tutoring;Future of Education and Digital Learning;;;;;;;;
351;585da41490a10cde3a4502227d90e895;android banking trojan affects financial apps;Cyber Defense and Fight against Fakes;Vertical: Finance, Tech: Mobile app, Company: Google, Tech: Android, Vertical: Banking;;Mobile app;;Google;;;Finance
352;9b07533a6f3b211832666ffb7daba261;resistant ai raises seed funding;Augmented Intelligence through ML and DL;Vertical: Fintech, Application: E-Commerce, Vertical: Finance, Tech: Artificial Intelligence;;Artificial Intelligence;;;;E-Commerce;Fintech
353;72c177ee052d72b40215be5613e1d0aa;researchers unveil pruning algorithm artificial intelligence applications run faster;Augmented Intelligence through ML and DL;Tech: Deep Learning;;Deep Learning;;;;;
354;c190373c46b22856022ae7e60fa8d246;wirelessly charging electric cars drive;Future of Mobility;;;;;;;;
355;c0dfe42ff62f8fcad022a04906c18b62;citi spins proxy voting platform industry consortium;Digital Politics and Smart Citizenship;;;;;;;;
356;e73eb7c39aefc905008fa1d7359547fe;swisscom picks cryptomathic e signature service;Privacy and Security by design;Location: Europe;;;Europe;;;;
357;d634ec703b878fe63f13b78074d28166;digital identity consortium forms develop trust ecosystem;End of Privacy Concerns and Rise of Personal Advertising;Application: Digital Identity;;;;;;Digital Identity;
358;708c610536428fe9a54275bcd726d0d6;cyclist driver middle finger wars enter emoji jacket;Sensors and Smart Things;Location: Europe;;;Europe;;;;
359;3a071da07b00a30c01e31d21b09521da;gaming researchers develop render characters realistic skin;Future of Gaming and Hyper Reality;;;;;;;;
360;040eb1e4739d7a991c53f0314e89bf75;fintechs getting small businesses help need faster;Fintech and future of economy;Vertical: Fintech, Vertical: Finance, Vertical: Banking;;;;;;;Fintech
361;bc5d80835f42f960359069e7c3328c4d;security compliance open banking;Privacy and Security by design;Vertical: Banking;;;;;;;Banking
362;b13908615909eedc01be3d2a65860570;potential emerging technologies;Fintech and future of economy;Vertical: Banking;;;;;;;Banking
363;0c01f5f5c3eb8c3d596da056b9a1aa01;ai financial advisors platform vise raises;Augmented Intelligence through ML and DL;Vertical: Finance, Tech: Artificial Intelligence, Vertical: M&A;;Artificial Intelligence;;;;;Finance
364;0c6a0898f78bc2c9396986e8a6c702ab;webinar overcoming challenges haptic feedback robotic surgery platforms june;Health Tech;;;;;;;;
365;2bde4ee7b1d8c43ba24ff14c83926b28;spaceship earth value utopian thinking;Space Exploration and Exploitation;;;;;;;;
366;c9aa6699a43c628b223990bfff825b4e;waymo raises another autonomous vehicles;Future of Mobility;Application: Autonomous Vehicles, Company: Alphabet, Location: Arizona;;;Arizona;Alphabet;;Autonomous Vehicles;
367;a8db2544685517e491c853cfcfb01532;hailo foxconn socionext partner ai processing video analytics edge;Data Exploration and Analysis;Company: Foxconn, Tech: Deep Learning, Tech: Artificial Intelligence;;Deep Learning;;Foxconn;;;
368;0d208e861776611e370dd49e2879bc50;facebook ai hate speech improves much unclear;Augmented Intelligence through ML and DL;Company: Facebook;;;;Facebook;;;
369;923693ceb1b0f9574eebf0c24a73c73e;revises passenger safety rules autonomous vehicles;Future of Mobility;Application: Autonomous Vehicles, Vertical: Advertising;;;;;;Autonomous Vehicles;Advertising
370;8e38b935fdf88fd491cf7e033dc47293;simple fuel efficient rocket engine enable cheaper lighter spacecraft;Space Exploration and Exploitation;;;;;;;;
371;ba7a436c4831a868341804b040199ace;mazda files patent hybrid rotary engine update;Future of Mobility;Tech: Batteries;;Batteries;;;;;
372;8ead07ade7837ccf089c694b56c3ccee;fintech brazil bright future;Fintech and future of economy;Vertical: Fintech, Vertical: Finance, Location: Brazil, Vertical: Banking;;;Brazil;;;;Fintech
373;63dc9f60ecc4caf87b86ae14b8a86d66;ad eye co simulation platform verify functional safety concepts fscs self driving vehicles;Future of Mobility;;;;;;;;
374;d145e50aa8ded1a86db4173420fb4c7e;covid remote desktop significant risks;Cyber Defense and Fight against Fakes;;;;;;;;
375;3c5a5a1be2eecca4af8e69c732fbec21;trains driverless cars simulation hit road;Augmented Intelligence through ML and DL;Vertical: Automotive, Application: Driverless Vehicles;;;;;;Driverless Vehicles;Automotive
376;889f1e159abf6f33fd0c1ec7f8ddb333;fa fingerprint id;Privacy and Security by design;Vertical: Banking, Vertical: Finance;;;;;;;Banking
377;28c338e91c15da8b55ac13975d9432b6;ground penetrating support self driving navigation bad weather;Future of Mobility;;;;;;;;
378;ce90272a4a679c823fa7469cf539f254;apple steering towards smart automobile windows;Future of Mobility;Company: Apple, Vertical: Automotive;;;;Apple;;;Automotive
379;31092a2215c4096eff0c418b90a92f7f;malfunctioning stablecoins hit financial stability ecb paper;Blockchain and Cryptocurrencies;Vertical: Banking, Vertical: Finance;;;;;;;Banking
380;1291a8911994784b0eac348f28282977;hmrc takes nearly covid phishing scam sites since march;Cyber Defense and Fight against Fakes;Vertical: Banking;;;;;;;Banking
381;9a88eaa01f0c8b14b0bc7cbdfe50389f;citi helps govt tackle covid related fraud;Cyber Defense and Fight against Fakes;Company: Alibaba, Company: Amazon;;;;Alibaba;;;
382;51869ea2981795aaa5c338e50739f786;libra association names hsbc legal chief stuart levey ceo;Blockchain and Cryptocurrencies;Vertical: Finance;;;;;;;Finance
383;c00792ff934737e6425d8268480b22ce;geathers chen discuss increasing diversity prioritizing student concerns responding covid;Future of Education and Digital Learning;;;;;;;;
384;50f84509895da97335c6acdc1616995b;k wearables moorwand give away payments rings nhs workers;Sensors and Smart Things;;;;;;;;
385;626c366278f0eae01e0813d8b032c6d3;post covid reality change banks fintech;Fintech and future of economy;Vertical: Fintech, Vertical: Banking;;;;;;;Fintech
386;a5b5dc3a284e4fb72e98ab1a3e594bd9;coronavirus hits q fintech funding;Fintech and future of economy;Location: North America, Vertical: Fintech, Location: Asia;;;North America;;;;Fintech
387;8b7abf7e64e6457b1dfcba54c35afe80;banks run legacy able compete digital counterparts;Digital Transformation and Automatization of Processes;Tech: API, Vertical: Banking;;API;;;;;Banking
388;c10e50f079834c2480be02f6b9c2a62f;ways covid transforming digital finance;Fintech and future of economy;Application: Digital Payments, Vertical: Finance;;;;;;Digital Payments;Finance
389;8852af14abec82412e4e57c4eaf679bd;hsbc targets teens payme wallet app;End of Privacy Concerns and Rise of Personal Advertising;;;;;;;;
390;5fe7b04d7e8961f22604d08961f49ec4;featurespace raises fight financial crime;Cyber Defense and Fight against Fakes;Vertical: Finance;;;;;;;Finance
391;571876de37a2c26f5a8a3e1937dcb015;covid pandemic dramatically shifts canadian spending habits;New Normal after COVID-19;Application: E-Commerce, Location: Canada, Vertical: Food, Application: Goods Delivery;;;Canada;;;E-Commerce;Food
392;bd98e1273021cd3ae2dce7727783f673;shield embeds workflows compliance tech;Privacy and Security by design;;;;;;;;
393;19e451e74678e7e3c6a24417a70ca1cb;epic games shows stunning unreal engine demo playstation;Immersive and Augmented Enviromnents;;;;;;;;
394;726fce3ad091bcef1672e3f5ba2e60d1;epic games unreal engine bring generational change graphics;Immersive and Augmented Enviromnents;Company: Fortnite, Company: Epic Games;;;;Fortnite;;;
395;e5627b4d601dd84128b0e595ea7a2bd2;agvs vs amrs differences mobile robots;Robotics and Human/Machine Hybridization;Application: Autonomous Vehicles;;;;;;Autonomous Vehicles;
396;288ec0204e04380db8b6130f4f4911cc;nice actimize infosys team financial crime;Cyber Defense and Fight against Fakes;Vertical: Finance;;;;;;;Finance
397;a110e53fa1a2a0ac9d7fd04db8ca61fd;payments service api platform modulr raises;Digital Transformation and Automatization of Processes;Tech: API, Application: Digital Payments, Location: Europe;;API;Europe;;;Digital Payments;
398;6cc4ece367368c9bf2574d26ceed8c61;sony reaffirms ps holiday launch profits slip games;Future of Gaming and Hyper Reality;;;;;;;;
399;1e8a29687b8940341912b04f722f95c1;crypto trading platform falconx raises;Blockchain and Cryptocurrencies;Application: Digitalization;;;;;;Digitalization;
400;fac253a5f149b8db684354597b1db825;valorant twitch build symbiotic relationship success;Future of Gaming and Hyper Reality;;;;;;;;
401;024e39e4c912e043aceb022b442f8a6e;building coast coast silicon valley;Workforce Transformation;Company: Amazon, Location: San Francisco;;;San Francisco;Amazon;;;
402;c40dbf02416420ccdc8245a48fee3af1;gms cruise heads road robotaxi concept;Future of Mobility;;;;;;;;
403;caa3b3e17723adb0559baba7d32332ff;study adaptive cruise control driver assistance increase distracted driving;Future of Mobility;;;;;;;;
404;a2f80137776f59df73974dad700ebd05;automating search entirely curiosity algorithms;Road towards Artificial General Intelligence;Tech: Machine Learning;;Machine Learning;;;;;
405;a43e5897404444e30e296eb61fc5a2c7;privacy threat combines device identification biometric information;Privacy and Security by design;Tech: Biometrics, Application: Cybersecurity;;Biometrics;;;;Cybersecurity;
406;9d8907f6d67fc3534438579c827397a1;zero day exploit hits sophos firewall xg;Cyber Defense and Fight against Fakes;;;;;;;;
407;588b4d452fb9f3086d5db234d56b772f;discussions update ec security continue;Privacy and Security by design;Tech: Cameras;;Cameras;;;;;
408;a5a2a9df7e88c1d67a7baa84490b22f7;student security proposals disregarded dsl hrs;Future of Education and Digital Learning;;;;;;;;
409;ec86361327808e44cb6ede901b8ae718;hole forming ozone layer arctic;Decarbonization & Electrification & Smart Energy;Vertical: Advertising, Company: European Space Agency, Location: Europe;;;Europe;European Space Agency;;;Advertising
410;d0d9e4d9fd83756aea7505900b50b8da;heres nasas plan lunar base camp;Space Exploration and Exploitation;;;;;;;;
411;7e006110e942ff2f17f7ef5ba8191fa4;nasa funds giant radio telescope concept far side moon;Space Exploration and Exploitation;;;;;;;;
412;83b2cf2b515763d283c202bf2f1ea924;scientists spying google searches track coronavirus;Data Exploration and Analysis;;;;;;;;
413;d1eca51141a6fd5535da43f92eb636d1;self driving car company lays human safety drivers;Future of Mobility;Application: Autonomous Vehicles;;;;;;Autonomous Vehicles;
414;ae09b83b08154bdb023ba456a29b47a7;massive chinese rocket plummeting sky right;Space Exploration and Exploitation;Location: China;;;China;;;;
415;0d7fb8ef19f6cc0860cfe3c43db8a6c9;darknet marketplaces full covid tests medicine;Cyber Defense and Fight against Fakes;Application: Cryptocurrencies;;;;;;Cryptocurrencies;
416;b4d33719fc5fdf6e9f7168501f9a36d7;defying shelter place tesla building cars today;Future of Mobility;People: Elon Musk, Location: California, Location: Alameda;;;California;;Elon Musk;;
417;f4d7db3df6fb24687381f91e9313684d;experts fever detecting cameras really stop outbreaks;New Normal after COVID-19;Company: Amazon, Tech: Cameras;;Cameras;;Amazon;;;
418;2884e0bcefd12da4263b2a8074d4ea0a;nasa wants chase interstellar objects orbital slingshot;Space Exploration and Exploitation;;;;;;;;
419;06ebf5e3f5a39fef0d9691f55ac20231;russian rocket disintegrates space leaving orbital debris;Space Exploration and Exploitation;Vertical: Advertising;;;;;;;Advertising
420;2403db21cd164b5f9eec11cb0936e431;scientists killing virtual stars study black holes;Space Exploration and Exploitation;;;;;;;;
421;29f1c0be68c16b4f623a16eda753e0fc;hyper realistic game engine looks almost real life;Future of Gaming and Hyper Reality;Company: Epic Games;;;;Epic Games;;;
422;8f6cc7f82aa2525d0d570841b15fe3a7;neuroscientist conventional computers never conscious;Road towards Artificial General Intelligence;Vertical: Research, Company: Allen Institute , Tech: Artificial Intelligence;;Artificial Intelligence;;Allen Institute;;;Research
423;eab8668bb3f1bf5ba527670811371923;control chinese rocket reportedly dropped debris africa;Space Exploration and Exploitation;Location: China;;;China;;;;
424;32dd9e1d228274517c47e5db018f15b5;officials chinese hackers targeting vaccine research;Cyber Defense and Fight against Fakes;Vertical: Advertising, Location: China;;;China;;;;Advertising
425;55b8898ca28d63a6f090838cf591e4ba;pandemic seriously confused machine learning;Augmented Intelligence through ML and DL;;;;;;;;
426;b43fb8ac0c90db4acb10b5bf49328f9b;scientists find evidence europa shooting water space;Space Exploration and Exploitation;Vertical: Advertising, Company: European Space Agency, Location: Europe;;;Europe;European Space Agency;;;Advertising
427;1d51056de91e9460eae58806246ba781;researchers working days per month help fight covid;Workforce Transformation;Vertical: Biology;;;;;;;Biology
428;635307caa07d711768964b43b1587422;nootropics help stay focused productive amid stress distraction;Workforce Transformation;Vertical: Food, Vertical: Energy;;;;;;;Food
429;ee385a117d8f52c3cbe73b453fafb1eb;dock spacex spacecraft iss amazing simulator;Space Exploration and Exploitation;;;;;;;;
430;9fa9fe62c30c4f93891c0f59c3cf1b22;marketers need find opportunities land business great reset;New Normal after COVID-19;;;;;;;;
431;dadf0b440287c86472f10f9ac29536b9;state farm latest deep fake race build perfect streamer monday things;Cyber Defense and Fight against Fakes;Vertical: Advertising, Vertical: Food;;;;;;;Advertising
432;53fdfc944df0a8900af9f16e554f8c01;platform lets shoppers track store reopenings real;Customer Experience and Human-centered Design;Tech: Mobile app;;Mobile app;;;;;
433;799ee706f4b9d85cc0e036109e6b31e6;blockchain good crypto courses show;Blockchain and Cryptocurrencies;Application: Cryptocurrencies, Tech: Blockchain;;Blockchain;;;;Cryptocurrencies;
434;47b22e29fd263e0cbd8629d67a25173c;pharma company claims find part covid fighting cocktail;Health Tech;Vertical: Health & Medicine;;;;;;;Health & Medicine
435;6423769cdd4b1f4cf3ca7f5fdba21a9a;scientist discovers gross fungus twitter;Health Tech;Location: North America;;;North America;;;;
436;f2ccc72b3b1669dc8e484780411d8dc6;engineers printing nuclear reactor;3D Printing and New Materials;Vertical: Energy;;;;;;;Energy
437;d453a23de3ebed0cdcc343d6da5ec9d0;scientists creating mouse human hybrids;Health Tech;Vertical: Biology;;;;;;;Biology
438;795bc62d1315e063aae1a010ceb1ffa7;research spacecraft pass tail dead comet;Space Exploration and Exploitation;Company: European Space Agency;;;;European Space Agency;;;
439;d5d0266f9dd38d05ee93717ecfced575;thinking next normal making work stop start accelerate;New Normal after COVID-19;;;;;;;;
440;3c67566f055c951b195c8f192cbc030c;oil gas covid day reckoning age opportunity;New Normal after COVID-19;Vertical: Energy;;;;;;;Energy
441;3d31660b0482647ef034daa36fb9d1d1;confronting climate risk;Circular Economy Sustainability and Zero Impact Economy;;;;;;;;
442;b5aa6e72d3003dd445e0db1dafeae388;reimagining post pandemic organization;New Normal after COVID-19;;;;;;;;
443;7c920b19025abcc5a0c9b7b653233267;helping start ups overcome inevitable challenges crises;New Normal after COVID-19;;;;;;;;
444;6c275e2d9c92216a986ebf398979a9a7;adapting next normal retail customer experience imperative;New Normal after COVID-19;Application: Customer Experience;;;;;;Customer Experience;
445;5d7f2ac9fe598c96dc137e6b28a23a0e;covid recovery digital plan days;Digital Transformation and Automatization of Processes;;;;;;;;
446;ae767a64b4846e0ecd11af1f3da49673;restore reimagine digital analytics imperatives insurers;Data Exploration and Analysis;Application: Advanced Analytics, Application: Analytics;;;;;;Advanced Analytics;
447;4ed91f2d8a291c8c19f5f730c8f5d132;hitting road chinese travelers thinking trip covid;Future of Mobility;Location: China;;;China;;;;
448;aa27b7e60b82463f9f4c35efeadac289;personalizing change management smartphone era;Customer Experience and Human-centered Design;Tech: Mobile app, Vertical: Research, Application: Behavioural Sciences;;Mobile app;;;;Behavioural Sciences;Research
449;e0deff003b5368913fee670b6dca6c83;laying foundation zero carbon cement;Circular Economy Sustainability and Zero Impact Economy;Vertical: Energy;;;;;;;Energy
450;42b268800a3f1cd30ccad41467fc1030;welcome digital factory answer scale digital transformation;Digital Transformation and Automatization of Processes;;;;;;;;
451;d9045508fa716f3de34a4d33347a3ef2;results biggest universal basic income trial yet;Digital Politics and Smart Citizenship;;;;;;;;
452;41602e589cd80aac336a2bcc3aa5461a;openai finds machine learning efficiency outpacing moore law;Augmented Intelligence through ML and DL;Tech: Artificial Intelligence;;Artificial Intelligence;;;;;
453;9add1c9bb8186cb2981952df7b97d225;circular fashion software company creates bespoke sustainable shirts;Circular Economy Sustainability and Zero Impact Economy;Application: Renewables, Vertical: Fashion, Vertical: Energy;;;;;;Renewables;Fashion
454;59848bcab9573e1b89093fd8a87cfcfc;hotel turns rooms pop restaurants;New Normal after COVID-19;;;;;;;;
455;5b1fa3c312b8a2739d1f4fd1d42f071f;production process brings biofuel closer commercial availability;Digital Transformation and Automatization of Processes;Vertical: Energy;;;;;;;Energy
456;5b2bd71484754e0d74e76b1131af6bbf;self driving taxis available ride hailers;Future of Mobility;Tech: Mobile app;;Mobile app;;;;;
457;15e442a2a7572c21abba027dcff3687f;beverage brands ecommerce platform launch virtual concert experience;New Normal after COVID-19;Vertical: Art, Application: E-Commerce;;;;;;E-Commerce;Art
458;d6f8122568c655e3df7d59e8c8e11330;teaching tools home;Future of Education and Digital Learning;Location: China, Tech: Mobile app;;Mobile app;China;;;;
459;6da601cfc997f29ceb6e1aa74f5048b3;secondhands consortium announces progress proactive humanoid robot;Robotics and Human/Machine Hybridization;;;;;;;;
460;4226f453da113464aedeb6373e7935fa;river robots help keep workers safe coronavirus pandemic;Robotics and Human/Machine Hybridization;;;;;;;;
461;3d54c1985447dc5a3fca0cc5267719bb;ana avatar xprize aims advance telepresence robotics;Workforce Transformation;Tech: Virtual Reality;;Virtual Reality;;;;;
462;29e291db584a40b7bd9795b6fcebe6ea;task force charged brainstorm better post covid mit;Future of Education and Digital Learning;;;;;;;;
463;7ef147a39fca5e83bac96aff27400c2d;minecraft still incredibly popular sales top play monthly;Future of Gaming and Hyper Reality;;;;;;;;
464;37c11dbde0a8a570382f2410f023c0ba;samsung spins startup making fake windows generate artificial sunlight;Circular Economy Sustainability and Zero Impact Economy;;;;;;;;
465;b269898430fdd1c4f18d297bf5e979c8;james dyson spent money company canceled electric vehicle;Future of Mobility;Tech: Batteries;;Batteries;;;;;
466;25cbd835591d4cc394481713fe7b96c4;ibm adds noise boost ai accuracy analog memory;Augmented Intelligence through ML and DL;Tech: Artificial Intelligence;;Artificial Intelligence;;;;;
467;3249c8ab546ddcfe7e0485bb241befa6;china u target ai race technological supremacy;Road towards Artificial General Intelligence;Company: Alibaba, Location: Europe, Location: China, Tech: Artificial Intelligence;;Artificial Intelligence;Europe;Alibaba;;;
468;3c06ef110a3efad83733ad876816e16f;things ceo expect remote work life;Workforce Transformation;;;;;;;;
469;7394b6315ebd7f012a454c95fe40794f;leisure economy money playing games;Fintech and future of economy;Application: E-Sports;;;;;;E-Sports;
470;34137a416ad9e7135628630537bd77d0;universities help save startup model;Future of Education and Digital Learning;;;;;;;;
